game_id,player_id,official_minutes,derived_minutes,error,abs_error
22100019,203200,20.216666666666665,20.116666666666667,-0.09999999999999787,0.09999999999999787
22100019,1626167,43.6,43.4,-0.20000000000000284,0.20000000000000284
22100019,1627734,42.833333333333336,42.833333333333336,0.0,0.0
22100019,1630537,45.3,45.3,0.0,0.0
22100019,1627763,44.03333333333333,43.916666666666664,-0.11666666666666714,0.11666666666666714
22100019,204456,23.55,23.5,-0.05000000000000071,0.05000000000000071
22100019,1628470,11.7,11.7,0.0,0.0
22100019,203087,23.766666666666666,23.766666666666666,0.0,0.0
22100019,1629052,7.866666666666667,7.866666666666667,0.0,0.0
22100019,202954,2.1166666666666667,2.1166666666666667,0.0,0.0
22100019,1629048,0.0,0.0,0.0,0.0
22100019,1630543,0.0,0.0,0.0,0.0
22100019,1630610,0.0,0.0,0.0,0.0
22100019,1630613,0.0,0.0,0.0,0.0
22100019,203484,34.96666666666667,34.833333333333336,-0.13333333333333286,0.13333333333333286
22100019,1628398,38.55,38.55,0.0,0.0
22100019,1629655,18.2,18.083333333333336,-0.11666666666666359,0.11666666666666359
22100019,1628988,25.1,25.083333333333332,-0.016666666666669272,0.016666666666669272
22100019,203915,34.71666666666667,34.53333333333333,-0.18333333333333712,0.18333333333333712
22100019,203526,29.5,29.4,-0.10000000000000142,0.10000000000000142
22100019,1630166,16.716666666666665,16.716666666666665,0.0,0.0
22100019,1626149,34.233333333333334,34.06666666666667,-0.1666666666666643,0.1666666666666643
22100019,202722,23.0,22.85,-0.14999999999999858,0.14999999999999858
22100019,1630557,10.016666666666667,10.016666666666666,-1.7763568394002505e-15,1.7763568394002505e-15
22100019,1630555,0.0,0.0,0.0,0.0
22100019,1629060,0.0,0.0,0.0,0.0
22100019,1630225,0.0,0.0,0.0,0.0
22100343,1627936,7.983333333333333,7.983333333333333,0.0,0.0
22100343,201942,38.45,38.166666666666664,-0.28333333333333854,0.28333333333333854
22100343,202696,34.65,34.516666666666666,-0.13333333333333286,0.13333333333333286
22100343,203897,37.416666666666664,37.416666666666664,0.0,0.0
22100343,1628366,39.85,39.86666666666667,0.01666666666666572,0.01666666666666572
22100343,1630245,23.1,23.083333333333332,-0.016666666666669272,0.016666666666669272
22100343,1627884,32.56666666666667,32.28333333333333,-0.28333333333333854,0.28333333333333854
22100343,1628993,6.633333333333333,6.633333333333333,0.0,0.0
22100343,1628972,12.85,12.850000000000001,1.7763568394002505e-15,1.7763568394002505e-15
22100343,1628396,6.5,6.5,0.0,0.0
22100343,1629076,0.0,0.0,0.0,0.0
22100343,1629653,0.0,0.0,0.0,0.0
22100343,1630250,0.0,0.0,0.0,0.0
22100343,1629744,0.0,0.0,0.0,0.0
22100343,201142,38.13333333333333,37.96666666666667,-0.1666666666666643,0.1666666666666643
22100343,1627761,23.116666666666667,23.1,-0.01666666666666572,0.01666666666666572
22100343,200746,32.583333333333336,32.583333333333336,0.0,0.0
22100343,201988,34.11666666666667,33.983333333333334,-0.13333333333333286,0.13333333333333286
22100343,201935,39.71666666666667,39.71666666666667,0.0,0.0
22100343,1628971,26.116666666666667,26.033333333333335,-0.08333333333333215,0.08333333333333215
22100343,1630560,25.483333333333334,25.483333333333334,0.0,0.0
22100343,200794,15.35,15.35,0.0,0.0
22100343,1628975,5.383333333333334,5.383333333333333,-8.881784197001252e-16,8.881784197001252e-16
22100343,1629651,0.0,0.0,0.0,0.0
22100343,201933,0.0,0.0,0.0,0.0
22100343,201949,0.0,0.0,0.0,0.0
22100468,1627736,35.1,35.1,0.0,0.0
22100468,1630183,39.483333333333334,39.483333333333334,0.0,0.0
22100468,1626157,37.55,37.4,-0.14999999999999858,0.14999999999999858
22100468,1626156,35.766666666666666,35.583333333333336,-0.18333333333333002,0.18333333333333002
22100468,1630195,11.3,11.3,0.0,0.0
22100468,1629669,24.233333333333334,24.033333333333335,-0.1999999999999993,0.1999999999999993
22100468,1627774,8.35,8.35,0.0,0.0
22100468,1629162,17.733333333333334,17.733333333333334,0.0,0.0
22100468,1629675,17.633333333333333,17.616666666666667,-0.01666666666666572,0.01666666666666572
22100468,1630233,12.866666666666667,12.666666666666668,-0.1999999999999993,0.1999999999999993
22100468,1629735,0.0,0.0,0.0,0.0
22100468,1629730,0.0,0.0,0.0,0.0
22100468,1630593,0.0,0.0,0.0,0.0
22100468,1628425,32.8,32.8,0.0,0.0
22100468,1627827,40.666666666666664,40.45,-0.21666666666666146,0.21666666666666146
22100468,203939,21.2,21.166666666666668,-0.03333333333333144,0.03333333333333144
22100468,1628373,32.2,32.2,0.0,0.0
22100468,1628973,40.13333333333333,40.13333333333333,0.0,0.0
22100468,203504,21.883333333333333,21.883333333333333,0.0,0.0
22100468,1629033,21.583333333333332,21.583333333333336,3.552713678800501e-15,3.552713678800501e-15
22100468,1629650,2.533333333333333,2.533333333333333,0.0,0.0
22100468,1630605,2.7333333333333334,2.7333333333333334,0.0,0.0
22100468,1627737,16.4,16.2,-0.1999999999999993,0.1999999999999993
22100468,1626246,7.866666666666667,7.683333333333334,-0.18333333333333357,0.18333333333333357
22100468,1626161,0.0,0.0,0.0,0.0
22101206,1629726,25.65,25.666666666666668,0.016666666666669272,0.016666666666669272
22101206,1630256,26.25,26.25,0.0,0.0
22101206,1630578,32.7,32.7,0.0,0.0
22101206,1630224,36.666666666666664,36.666666666666664,0.0,0.0
22101206,1629645,38.86666666666667,38.86666666666667,0.0,0.0
22101206,1630231,21.45,21.45,0.0,0.0
22101206,1630528,30.15,29.6,-0.5499999999999972,0.5499999999999972
22101206,1630586,15.3,15.3,0.0,0.0
22101206,1630227,12.966666666666667,12.783333333333333,-0.18333333333333357,0.18333333333333357
22101206,1628981,0.0,0.0,0.0,0.0
22101206,1628021,0.0,0.0,0.0,0.0
22101206,1629018,38.05,38.05,0.0,0.0
22101206,1627783,39.55,39.35,-0.19999999999999574,0.19999999999999574
22101206,203920,27.416666666666668,27.416666666666668,0.0,0.0
22101206,1630567,33.666666666666664,33.666666666666664,0.0,0.0
22101206,1629717,14.833333333333334,14.683333333333334,-0.15000000000000036,0.15000000000000036
22101206,1630173,12.483333333333333,12.483333333333333,0.0,0.0
22101206,1628449,19.883333333333333,19.883333333333333,0.0,0.0
22101206,1630201,10.633333333333333,10.633333333333333,0.0,0.0
22101206,1630551,7.183333333333334,7.183333333333334,0.0,0.0
22101206,201152,24.3,24.3,0.0,0.0
22101206,1629139,12.0,12.0,0.0,0.0
22101206,1630625,0.0,0.0,0.0,0.0
22101206,1630525,0.0,0.0,0.0,0.0
22101206,1629004,0.0,0.0,0.0,0.0
22100860,1629647,39.56666666666667,39.56666666666666,-7.105427357601002e-15,7.105427357601002e-15
22100860,1630598,33.833333333333336,33.833333333333336,0.0,0.0
22100860,1629676,22.05,22.05,0.0,0.0
22100860,1630581,38.733333333333334,38.583333333333336,-0.14999999999999858,0.14999999999999858
22100860,1630544,31.85,31.866666666666667,0.01666666666666572,0.01666666666666572
22100860,1630177,6.9,6.9,0.0,0.0
22100860,202324,20.516666666666666,20.183333333333334,-0.33333333333333215,0.33333333333333215
22100860,1630197,20.183333333333334,20.183333333333334,0.0,0.0
22100860,1629026,27.083333333333332,26.916666666666668,-0.1666666666666643,0.1666666666666643
22100860,1629660,19.05,18.916666666666668,-0.13333333333333286,0.13333333333333286
22100860,1630249,5.233333333333333,5.2333333333333325,-8.881784197001252e-16,8.881784197001252e-16
22100860,1630322,0.0,0.0,0.0,0.0
22100860,1629656,40.05,40.05,0.0,0.0
22100860,203944,44.9,44.61666666666667,-0.28333333333333144,0.28333333333333144
22100860,1629011,40.53333333333333,40.53333333333333,0.0,0.0
22100860,203095,44.55,44.55,0.0,0.0
22100860,202689,25.85,25.85,0.0,0.0
22100860,202692,27.15,27.15,0.0,0.0
22100860,201959,12.383333333333333,12.266666666666666,-0.11666666666666714,0.11666666666666714
22100860,1629629,7.5,7.5,0.0,0.0
22100860,1630193,13.983333333333333,13.983333333333334,1.7763568394002505e-15,1.7763568394002505e-15
22100860,1630167,8.1,8.083333333333334,-0.01666666666666572,0.01666666666666572
22100860,1627853,0.0,0.0,0.0,0.0
22100860,1630540,0.0,0.0,0.0,0.0
22100860,1630579,0.0,0.0,0.0,0.0
22100841,1629640,32.6,32.6,0.0,0.0
22100841,203926,25.7,25.7,0.0,0.0
22100841,1627751,27.333333333333332,27.333333333333332,0.0,0.0
22100841,1630170,28.133333333333333,28.133333333333333,0.0,0.0
22100841,1627749,31.816666666666666,31.816666666666666,0.0,0.0
22100841,1629022,13.433333333333334,13.433333333333334,0.0,0.0
22100841,1628966,7.333333333333333,7.050000000000001,-0.2833333333333323,0.2833333333333323
22100841,1630563,28.466666666666665,28.133333333333333,-0.33333333333333215,0.33333333333333215
22100841,1628380,16.5,16.5,0.0,0.0
22100841,1630200,16.183333333333334,16.183333333333334,0.0,0.0
22100841,1629111,4.166666666666667,4.166666666666666,-8.881784197001252e-16,8.881784197001252e-16
22100841,1630580,4.166666666666667,4.166666666666666,-8.881784197001252e-16,8.881784197001252e-16
22100841,1629719,4.166666666666667,4.166666666666667,0.0,0.0
22100841,1629631,26.05,26.05,0.0,0.0
22100841,1628381,20.666666666666668,20.666666666666668,0.0,0.0
22100841,203991,21.3,21.3,0.0,0.0
22100841,1628989,31.433333333333334,31.433333333333334,0.0,0.0
22100841,1629027,34.516666666666666,34.43333333333334,-0.0833333333333286,0.0833333333333286
22100841,203992,29.516666666666666,29.35,-0.1666666666666643,0.1666666666666643
22100841,201568,22.05,22.05,0.0,0.0
22100841,1630168,18.95,18.95,0.0,0.0
22100841,1626153,18.716666666666665,18.71666666666667,3.552713678800501e-15,3.552713678800501e-15
22100841,1627789,4.2,4.2,0.0,0.0
22100841,1628995,4.2,4.2,0.0,0.0
22100841,203476,4.2,4.2,0.0,0.0
22100841,1630219,4.2,4.2,0.0,0.0
22100841,101150,0.0,0.0,0.0,0.0
22101155,1628969,32.88333333333333,32.88333333333333,0.0,0.0
22101155,203109,28.166666666666668,28.066666666666666,-0.10000000000000142,0.10000000000000142
22101155,1629028,25.333333333333332,25.35,0.016666666666669272,0.016666666666669272
22101155,1626164,37.25,36.88333333333333,-0.36666666666666714,0.36666666666666714
22101155,101108,31.8,31.8,0.0,0.0
22101155,201580,22.183333333333334,22.183333333333334,0.0,0.0
22101155,1626166,17.183333333333334,17.0,-0.18333333333333357,0.18333333333333357
22101155,1629661,17.533333333333335,17.516666666666666,-0.016666666666669272,0.016666666666669272
22101155,1629013,16.916666666666668,16.916666666666668,0.0,0.0
22101155,1628470,10.75,10.566666666666666,-0.18333333333333357,0.18333333333333357
22101155,202687,0.0,0.0,0.0,0.0
22101155,1628988,0.0,0.0,0.0,0.0
22101155,1630994,0.0,0.0,0.0,0.0
22101155,203901,0.0,0.0,0.0,0.0
22101155,1630688,0.0,0.0,0.0,0.0
22101155,1628415,35.18333333333333,35.18333333333334,7.105427357601002e-15,7.105427357601002e-15
22101155,203937,28.033333333333335,27.9,-0.1333333333333364,0.1333333333333364
22101155,1630214,28.466666666666665,28.466666666666665,0.0,0.0
22101155,1630533,34.666666666666664,34.483333333333334,-0.18333333333333002,0.18333333333333002
22101155,1629001,29.033333333333335,28.96666666666667,-0.06666666666666643,0.06666666666666643
22101155,1629634,28.316666666666666,28.133333333333333,-0.18333333333333357,0.18333333333333357
22101155,1629723,24.2,24.21666666666667,0.016666666666669272,0.016666666666669272
22101155,1630583,21.1,21.1,0.0,0.0
22101155,1629633,11.016666666666667,11.016666666666666,-1.7763568394002505e-15,1.7763568394002505e-15
22101155,1630217,0.0,0.0,0.0,0.0
22101155,1630582,0.0,0.0,0.0,0.0
22100053,203145,31.016666666666666,30.983333333333334,-0.03333333333333144,0.03333333333333144
22100053,203076,42.38333333333333,42.2,-0.18333333333333002,0.18333333333333002
22100053,201599,15.583333333333334,15.583333333333332,-1.7763568394002505e-15,1.7763568394002505e-15
22100053,1628370,38.8,38.8,0.0,0.0
22100053,201566,39.61666666666667,39.31666666666666,-0.30000000000000426,0.30000000000000426
22100053,200765,19.533333333333335,19.533333333333335,0.0,0.0
22100053,1630559,30.216666666666665,30.1,-0.11666666666666359,0.11666666666666359
22100053,2546,30.066666666666666,29.9,-0.16666666666666785,0.16666666666666785
22100053,2730,17.783333333333335,17.783333333333335,0.0,0.0
22100053,202340,0.0,0.0,0.0,0.0
22100053,201961,0.0,0.0,0.0,0.0
22100053,2544,0.0,0.0,0.0,0.0
22100053,1629640,23.433333333333334,23.28333333333333,-0.15000000000000213,0.15000000000000213
22100053,203926,17.316666666666666,17.2,-0.11666666666666714,0.11666666666666714
22100053,1627751,37.6,37.6,0.0,0.0
22100053,1628401,31.75,31.75,0.0,0.0
22100053,1627749,40.166666666666664,40.0,-0.1666666666666643,0.1666666666666643
22100053,1630170,35.28333333333333,35.03333333333333,-0.25,0.25
22100053,1629022,31.383333333333333,31.383333333333333,0.0,0.0
22100053,1629234,12.133333333333333,12.033333333333335,-0.09999999999999787,0.09999999999999787
22100053,1628966,29.45,29.450000000000003,3.552713678800501e-15,3.552713678800501e-15
22100053,201152,3.2666666666666666,3.266666666666667,4.440892098500626e-16,4.440892098500626e-16
22100053,1627854,3.2333333333333334,3.2333333333333334,0.0,0.0
22100053,1630200,0.0,0.0,0.0,0.0
22100053,1629111,0.0,0.0,0.0,0.0
22100053,1630563,0.0,0.0,0.0,0.0
22101058,203114,25.833333333333332,25.833333333333336,3.552713678800501e-15,3.552713678800501e-15
22101058,1626171,25.566666666666666,25.566666666666666,0.0,0.0
22101058,201572,20.45,20.283333333333335,-0.1666666666666643,0.1666666666666643
22101058,1628960,21.483333333333334,21.483333333333334,0.0,0.0
22101058,201950,23.583333333333332,23.583333333333332,0.0,0.0
22101058,201588,4.433333333333334,4.433333333333334,0.0,0.0
22101058,201586,21.033333333333335,21.03333333333333,-3.552713678800501e-15,3.552713678800501e-15
22101058,202083,16.683333333333334,16.683333333333334,0.0,0.0
22101058,1626192,20.316666666666666,20.316666666666666,0.0,0.0
22101058,1628975,27.733333333333334,27.733333333333334,0.0,0.0
22101058,1629670,20.883333333333333,20.883333333333333,0.0,0.0
22101058,203648,12.0,12.0,0.0,0.0
22101058,1630162,33.05,32.95,-0.09999999999999432,0.09999999999999432
22101058,1629020,32.13333333333333,31.933333333333334,-0.1999999999999993,0.1999999999999993
22101058,1626157,31.7,31.716666666666665,0.01666666666666572,0.01666666666666572
22101058,1626156,30.216666666666665,30.083333333333332,-0.13333333333333286,0.13333333333333286
22101058,201976,9.816666666666666,9.816666666666666,0.0,0.0
22101058,1627752,16.816666666666666,16.816666666666666,0.0,0.0
22101058,1627736,21.816666666666666,21.816666666666666,0.0,0.0
22101058,1629669,20.8,20.8,0.0,0.0
22101058,1629162,17.666666666666668,17.666666666666668,0.0,0.0
22101058,1629675,12.7,12.683333333333334,-0.01666666666666572,0.01666666666666572
22101058,1627774,3.6,3.6,0.0,0.0
22101058,1629006,3.6,3.6,0.0,0.0
22101058,1630233,3.6,3.6,0.0,0.0
22101058,1630195,2.4833333333333334,2.4833333333333334,0.0,0.0
22100654,1630529,34.36666666666667,34.36666666666667,0.0,0.0
22100654,1627742,35.016666666666666,35.016666666666666,0.0,0.0
22100654,202685,33.31666666666667,33.083333333333336,-0.23333333333333428,0.23333333333333428
22100654,1628404,38.766666666666666,38.766666666666666,0.0,0.0
22100654,1628984,33.11666666666667,33.11666666666667,0.0,0.0
22100654,1629637,14.683333333333334,14.700000000000001,0.016666666666667496,0.016666666666667496
22100654,202066,17.766666666666666,17.633333333333333,-0.13333333333333286,0.13333333333333286
22100654,1630631,14.883333333333333,14.883333333333333,0.0,0.0
22100654,1629638,18.083333333333332,18.083333333333332,0.0,0.0
22100654,1629109,0.0,0.0,0.0,0.0
22100654,1626195,0.0,0.0,0.0,0.0
22100654,1630230,0.0,0.0,0.0,0.0
22100654,1630530,0.0,0.0,0.0,0.0
22100654,203107,0.0,0.0,0.0,0.0
22100654,1628369,37.733333333333334,37.733333333333334,0.0,0.0
22100654,1629684,25.366666666666667,25.366666666666667,0.0,0.0
22100654,201143,25.433333333333334,25.35,-0.08333333333333215,0.08333333333333215
22100654,1627759,34.85,34.55,-0.30000000000000426,0.30000000000000426
22100654,203471,40.583333333333336,40.583333333333336,0.0,0.0
22100654,1626196,18.816666666666666,18.616666666666667,-0.1999999999999993,0.1999999999999993
22100654,1630202,10.75,10.75,0.0,0.0
22100654,202683,22.566666666666666,22.566666666666666,0.0,0.0
22100654,1629641,4.6,4.6,0.0,0.0
22100654,1630174,19.3,19.216666666666665,-0.0833333333333357,0.0833333333333357
22100654,1628981,0.0,0.0,0.0,0.0
22100654,1627823,0.0,0.0,0.0,0.0
22100654,1630271,0.0,0.0,0.0,0.0
22100006,203484,27.133333333333333,27.133333333333333,0.0,0.0
22100006,1628398,34.63333333333333,34.63333333333333,0.0,0.0
22100006,1629655,22.1,22.1,0.0,0.0
22100006,203078,34.1,33.88333333333333,-0.21666666666666856,0.21666666666666856
22100006,203915,26.15,26.15,0.0,0.0
22100006,1630166,20.866666666666667,20.866666666666667,0.0,0.0
22100006,1626149,25.9,25.8,-0.09999999999999787,0.09999999999999787
22100006,203526,22.933333333333334,22.933333333333334,0.0,0.0
22100006,202722,13.366666666666667,13.366666666666667,0.0,0.0
22100006,1628988,12.816666666666666,12.816666666666666,0.0,0.0
22100006,1630264,0.0,0.0,0.0,0.0
22100006,1630557,0.0,0.0,0.0,0.0
22100006,1630225,0.0,0.0,0.0,0.0
22100006,1630567,32.53333333333333,32.53333333333333,0.0,0.0
22100006,1628384,33.983333333333334,33.983333333333334,0.0,0.0
22100006,1630173,18.5,18.5,0.0,0.0
22100006,201609,21.65,21.53333333333333,-0.11666666666666714,0.11666666666666714
22100006,1627832,34.71666666666667,34.71666666666667,0.0,0.0
22100006,1629018,26.45,26.45,0.0,0.0
22100006,203920,26.016666666666666,26.016666666666666,0.0,0.0
22100006,1629004,16.233333333333334,16.099999999999998,-0.1333333333333364,0.1333333333333364
22100006,1628449,17.5,17.5,0.0,0.0
22100006,1630625,12.416666666666666,12.3,-0.11666666666666536,0.11666666666666536
22100006,1629067,0.0,0.0,0.0,0.0
22100006,1630551,0.0,0.0,0.0,0.0
22100006,1626155,0.0,0.0,0.0,0.0
22100006,1630201,0.0,0.0,0.0,0.0
22100006,1630525,0.0,0.0,0.0,0.0
22100691,201988,32.06666666666667,32.06666666666666,-7.105427357601002e-15,7.105427357601002e-15
22100691,1630556,32.3,32.3,0.0,0.0
22100691,1630549,14.25,14.066666666666666,-0.18333333333333357,0.18333333333333357
22100691,202681,35.46666666666667,35.46666666666667,0.0,0.0
22100691,201935,37.13333333333333,37.13333333333333,0.0,0.0
22100691,201949,14.583333333333334,14.35,-0.23333333333333428,0.23333333333333428
22100691,1630560,9.516666666666667,9.516666666666667,0.0,0.0
22100691,200746,22.3,22.3,0.0,0.0
22100691,1627761,9.416666666666666,9.416666666666668,1.7763568394002505e-15,1.7763568394002505e-15
22100691,201933,11.416666666666666,11.416666666666668,1.7763568394002505e-15,1.7763568394002505e-15
22100691,1628971,20.4,20.4,0.0,0.0
22100691,1630561,1.15,1.15,0.0,0.0
22100691,1628975,0.0,0.0,0.0,0.0
22100691,1629640,31.516666666666666,31.516666666666666,0.0,0.0
22100691,203926,25.4,25.4,0.0,0.0
22100691,1627751,35.75,35.75,0.0,0.0
22100691,1628401,33.75,33.56666666666666,-0.18333333333333712,0.18333333333333712
22100691,1627749,37.18333333333333,36.916666666666664,-0.2666666666666657,0.2666666666666657
22100691,1630170,23.716666666666665,23.71666666666667,3.552713678800501e-15,3.552713678800501e-15
22100691,1628966,18.666666666666668,18.666666666666668,0.0,0.0
22100691,1629022,18.333333333333332,18.116666666666667,-0.216666666666665,0.216666666666665
22100691,1629111,5.183333333333334,5.183333333333334,0.0,0.0
22100691,1629234,7.066666666666666,7.066666666666666,0.0,0.0
22100691,1630200,1.7166666666666668,1.7166666666666666,-2.220446049250313e-16,2.220446049250313e-16
22100691,1627823,1.7166666666666668,1.7166666666666666,-2.220446049250313e-16,2.220446049250313e-16
22100691,1630580,0.0,0.0,0.0,0.0
22100691,201152,0.0,0.0,0.0,0.0
22100303,1629056,17.15,17.15,0.0,0.0
22100303,1629002,23.033333333333335,23.033333333333335,0.0,0.0
22100303,203458,6.616666666666667,6.616666666666667,0.0,0.0
22100303,1630169,20.066666666666666,20.066666666666666,0.0,0.0
22100303,1628368,21.216666666666665,21.21666666666667,3.552713678800501e-15,3.552713678800501e-15
22100303,1627741,29.316666666666666,29.316666666666666,0.0,0.0
22100303,202684,22.416666666666668,22.416666666666664,-3.552713678800501e-15,3.552713678800501e-15
22100303,1628963,18.9,18.9,0.0,0.0
22100303,1630558,30.616666666666667,30.616666666666667,0.0,0.0
22100303,1627745,16.733333333333334,16.566666666666666,-0.16666666666666785,0.16666666666666785
22100303,1629663,21.25,21.05,-0.1999999999999993,0.1999999999999993
22100303,1630186,12.683333333333334,12.683333333333334,0.0,0.0
22100303,203090,0.0,0.0,0.0,0.0
22100303,1628415,21.183333333333334,21.183333333333334,0.0,0.0
22100303,1628991,22.2,22.2,0.0,0.0
22100303,203500,20.716666666666665,20.71666666666667,3.552713678800501e-15,3.552713678800501e-15
22100303,1630217,26.416666666666668,26.266666666666666,-0.15000000000000213,0.15000000000000213
22100303,1626145,23.816666666666666,23.616666666666667,-0.1999999999999993,0.1999999999999993
22100303,1629001,18.0,18.0,0.0,0.0
22100303,203937,18.533333333333335,18.533333333333335,0.0,0.0
22100303,1630533,16.716666666666665,16.716666666666665,0.0,0.0
22100303,1629634,15.6,15.600000000000001,1.7763568394002505e-15,1.7763568394002505e-15
22100303,1629723,18.916666666666668,18.916666666666664,-3.552713678800501e-15,3.552713678800501e-15
22100303,1630583,10.166666666666666,10.166666666666668,1.7763568394002505e-15,1.7763568394002505e-15
22100303,1629681,10.166666666666666,10.166666666666668,1.7763568394002505e-15,1.7763568394002505e-15
22100303,1630214,8.783333333333333,8.783333333333333,0.0,0.0
22100303,1629633,8.783333333333333,8.783333333333333,0.0,0.0
22100839,1629731,21.166666666666668,20.95,-0.21666666666666856,0.21666666666666856
22100839,1630596,29.05,29.05,0.0,0.0
22100839,1628386,33.68333333333333,33.68333333333333,0.0,0.0
22100839,1630171,33.15,33.15,0.0,0.0
22100839,1627747,35.56666666666667,35.53333333333333,-0.033333333333338544,0.033333333333338544
22100839,201567,26.316666666666666,26.166666666666668,-0.14999999999999858,0.14999999999999858
22100839,200765,33.4,33.3,-0.10000000000000142,0.10000000000000142
22100839,1626224,19.933333333333334,19.933333333333334,0.0,0.0
22100839,1630205,7.716666666666667,7.716666666666667,0.0,0.0
22100839,202334,0.0,0.0,0.0,0.0
22100839,1629164,0.0,0.0,0.0,0.0
22100839,1630698,0.0,0.0,0.0,0.0
22100839,1629685,0.0,0.0,0.0,0.0
22100839,1627741,39.733333333333334,39.53333333333333,-0.20000000000000284,0.20000000000000284
22100839,1629052,38.13333333333333,37.800000000000004,-0.3333333333333286,0.3333333333333286
22100839,1629048,9.983333333333333,9.983333333333334,1.7763568394002505e-15,1.7763568394002505e-15
22100839,1630537,37.13333333333333,37.13333333333333,0.0,0.0
22100839,1630169,39.733333333333334,39.733333333333334,0.0,0.0
22100839,1630543,12.083333333333334,12.083333333333334,0.0,0.0
22100839,1630613,14.6,14.466666666666667,-0.13333333333333286,0.13333333333333286
22100839,1630188,20.816666666666666,20.816666666666666,0.0,0.0
22100839,202362,12.8,12.8,0.0,0.0
22100839,202684,14.983333333333333,15.0,0.016666666666667496,0.016666666666667496
22100839,1626208,0.0,0.0,0.0,0.0
22100056,203484,31.1,31.099999999999998,-3.552713678800501e-15,3.552713678800501e-15
22100056,1628398,33.083333333333336,33.06666666666667,-0.01666666666666572,0.01666666666666572
22100056,1629655,7.133333333333334,7.133333333333333,-8.881784197001252e-16,8.881784197001252e-16
22100056,203078,35.25,35.25,0.0,0.0
22100056,203915,29.516666666666666,29.516666666666666,0.0,0.0
22100056,1630166,16.9,16.733333333333334,-0.1666666666666643,0.1666666666666643
22100056,1628988,18.783333333333335,18.766666666666666,-0.016666666666669272,0.016666666666669272
22100056,1626149,38.2,38.2,0.0,0.0
22100056,202722,17.583333333333332,17.349999999999998,-0.23333333333333428,0.23333333333333428
22100056,1630557,12.45,12.466666666666665,0.01666666666666572,0.01666666666666572
22100056,1630555,0.0,0.0,0.0,0.0
22100056,1630225,0.0,0.0,0.0,0.0
22100056,1628369,35.666666666666664,35.666666666666664,0.0,0.0
22100056,201143,26.15,26.15,0.0,0.0
22100056,1629057,30.466666666666665,30.483333333333334,0.016666666666669272,0.016666666666669272
22100056,1627759,37.35,37.35,0.0,0.0
22100056,203935,35.93333333333333,35.65,-0.28333333333333144,0.28333333333333144
22100056,1629684,15.666666666666666,15.483333333333334,-0.1833333333333318,0.1833333333333318
22100056,203471,34.3,34.3,0.0,0.0
22100056,1626196,15.45,15.45,0.0,0.0
22100056,203953,9.016666666666667,9.016666666666667,0.0,0.0
22100056,1628981,0.0,0.0,0.0,0.0
22100056,202683,0.0,0.0,0.0,0.0
22100056,1627823,0.0,0.0,0.0,0.0
22100056,1630174,0.0,0.0,0.0,0.0
22100056,1630202,0.0,0.0,0.0,0.0
22200019,201942,36.78333333333333,36.78333333333333,0.0,0.0
22200019,1630172,23.95,23.95,0.0,0.0
22200019,202696,29.983333333333334,29.983333333333334,0.0,0.0
22200019,1627936,30.75,30.75,0.0,0.0
22200019,1630245,31.0,30.866666666666667,-0.13333333333333286,0.13333333333333286
22200019,1629632,31.05,30.933333333333334,-0.11666666666666714,0.11666666666666714
22200019,1629750,15.166666666666666,15.183333333333334,0.016666666666667496,0.016666666666667496
22200019,203083,18.016666666666666,17.65,-0.36666666666666714,0.36666666666666714
22200019,201609,23.3,22.683333333333334,-0.6166666666666671,0.6166666666666671
22200019,1628396,0.0,0.0,0.0,0.0
22200019,1630792,0.0,0.0,0.0,0.0
22200019,1627884,0.0,0.0,0.0,0.0
22200019,1630250,0.0,0.0,0.0,0.0
22200019,1631207,0.0,0.0,0.0,0.0
22200019,1630166,23.016666666666666,23.016666666666666,0.0,0.0
22200019,1628398,33.9,33.9,0.0,0.0
22200019,204001,28.783333333333335,28.8,0.01666666666666572,0.01666666666666572
22200019,203078,36.65,36.65,0.0,0.0
22200019,1628420,26.433333333333334,26.450000000000003,0.016666666666669272,0.016666666666669272
22200019,1629060,24.0,23.983333333333334,-0.01666666666666572,0.01666666666666572
22200019,1626153,21.566666666666666,21.55,-0.01666666666666572,0.01666666666666572
22200019,203115,17.283333333333335,17.28333333333333,-3.552713678800501e-15,3.552713678800501e-15
22200019,1629655,17.75,17.75,0.0,0.0
22200019,1630264,10.616666666666667,10.616666666666667,0.0,0.0
22200019,1631098,0.0,0.0,0.0,0.0
22200019,201959,0.0,0.0,0.0,0.0
22200019,1630692,0.0,0.0,0.0,0.0
22200019,1630648,0.0,0.0,0.0,0.0
22200019,1630225,0.0,0.0,0.0,0.0
22200548,1628398,33.38333333333333,33.38333333333333,0.0,0.0
22200548,204001,29.383333333333333,29.383333333333333,0.0,0.0
22200548,1629655,27.833333333333332,27.833333333333332,0.0,0.0
22200548,1630557,30.033333333333335,30.033333333333335,0.0,0.0
22200548,1628420,25.3,25.3,0.0,0.0
22200548,1629060,31.883333333333333,31.883333333333333,0.0,0.0
22200548,1630166,28.733333333333334,28.733333333333334,0.0,0.0
22200548,1626153,18.85,18.85,0.0,0.0
22200548,1630176,3.85,3.85,0.0,0.0
22200548,1630692,3.85,3.85,0.0,0.0
22200548,203115,3.85,3.85,0.0,0.0
22200548,1630264,3.05,3.05,0.0,0.0
22200548,203078,0.0,0.0,0.0,0.0
22200548,1631098,0.0,0.0,0.0,0.0
22200548,1626192,29.433333333333334,29.433333333333334,0.0,0.0
22200548,1626171,30.1,30.1,0.0,0.0
22200548,201572,23.5,23.5,0.0,0.0
22200548,1628960,26.2,26.2,0.0,0.0
22200548,1628975,30.966666666666665,30.96666666666667,3.552713678800501e-15,3.552713678800501e-15
22200548,201586,15.616666666666667,15.616666666666667,0.0,0.0
22200548,1630699,25.0,25.0,0.0,0.0
22200548,204060,17.316666666666666,17.316666666666666,0.0,0.0
22200548,1630572,13.066666666666666,13.066666666666666,0.0,0.0
22200548,1631260,19.25,19.2,-0.05000000000000071,0.05000000000000071
22200548,1629670,5.466666666666667,5.466666666666667,0.0,0.0
22200548,203648,4.083333333333333,4.083333333333333,0.0,0.0
22200548,202083,0.0,0.0,0.0,0.0
22200270,1630587,19.5,19.233333333333334,-0.2666666666666657,0.2666666666666657
22200270,202711,34.21666666666667,34.21666666666667,0.0,0.0
22200270,1628963,20.816666666666666,20.78333333333333,-0.03333333333333499,0.03333333333333499
22200270,1631093,32.05,32.05,0.0,0.0
22200270,1630165,16.566666666666666,16.45,-0.11666666666666714,0.11666666666666714
22200270,202692,18.783333333333335,18.783333333333335,0.0,0.0
22200270,1628977,22.566666666666666,22.366666666666667,-0.1999999999999993,0.1999999999999993
22200270,1631105,27.183333333333334,26.933333333333334,-0.25,0.25
22200270,1628995,25.783333333333335,25.733333333333334,-0.05000000000000071,0.05000000000000071
22200270,202709,22.533333333333335,22.416666666666668,-0.11666666666666714,0.11666666666666714
22200270,1630296,0.0,0.0,0.0,0.0
22200270,203585,0.0,0.0,0.0,0.0
22200270,203457,0.0,0.0,0.0,0.0
22200270,1628374,34.36666666666667,34.166666666666664,-0.20000000000000284,0.20000000000000284
22200270,203482,35.13333333333333,35.13333333333333,0.0,0.0
22200270,1629020,21.85,21.85,0.0,0.0
22200270,203903,37.45,37.38333333333333,-0.06666666666666998,0.06666666666666998
22200270,1629012,35.1,34.983333333333334,-0.11666666666666714,0.11666666666666714
22200270,1629659,12.9,12.9,0.0,0.0
22200270,1627736,29.283333333333335,29.283333333333335,0.0,0.0
22200270,1631117,21.05,21.05,0.0,0.0
22200270,1628962,1.2833333333333332,1.2833333333333334,2.220446049250313e-16,2.220446049250313e-16
22200270,1631323,11.583333333333334,11.583333333333332,-1.7763568394002505e-15,1.7763568394002505e-15
22200270,1630534,0.0,0.0,0.0,0.0
22200270,1629638,0.0,0.0,0.0,0.0
22201224,1630577,33.13333333333333,33.13333333333333,0.0,0.0
22201224,1628966,24.166666666666668,24.166666666666668,0.0,0.0
22201224,1630572,31.45,31.45,0.0,0.0
22201224,1631103,23.95,23.866666666666667,-0.08333333333333215,0.08333333333333215
22201224,1630200,22.783333333333335,22.7,-0.0833333333333357,0.0833333333333357
22201224,1631104,32.63333333333333,32.63333333333333,0.0,0.0
22201224,1631230,34.0,33.81666666666667,-0.18333333333333002,0.18333333333333002
22201224,203476,23.233333333333334,23.233333333333334,0.0,0.0
22201224,1629641,14.65,14.65,0.0,0.0
22201224,1629640,0.0,0.0,0.0,0.0
22201224,1631110,0.0,0.0,0.0,0.0
22201224,1630170,0.0,0.0,0.0,0.0
22201224,1629033,40.416666666666664,40.41666666666667,7.105427357601002e-15,7.105427357601002e-15
22201224,202722,28.416666666666668,28.416666666666668,0.0,0.0
22201224,202693,26.8,26.8,0.0,0.0
22201224,1628373,41.63333333333333,41.63333333333333,0.0,0.0
22201224,1630702,28.166666666666668,28.166666666666668,0.0,0.0
22201224,1630593,28.216666666666665,28.21666666666667,3.552713678800501e-15,3.552713678800501e-15
22201224,203200,23.3,23.200000000000003,-0.09999999999999787,0.09999999999999787
22201224,1630639,23.05,23.05,0.0,0.0
22201224,201580,0.0,0.0,0.0,0.0
22201224,203939,0.0,0.0,0.0,0.0
22201224,1626174,0.0,0.0,0.0,0.0
22200876,1629628,32.13333333333333,32.03333333333333,-0.10000000000000142,0.10000000000000142
22200876,203944,34.833333333333336,34.65,-0.18333333333333712,0.18333333333333712
22200876,1630579,21.566666666666666,21.566666666666666,0.0,0.0
22200876,1629656,23.9,23.7,-0.1999999999999993,0.1999999999999993
22200876,1628973,38.333333333333336,38.333333333333336,0.0,0.0
22200876,1628404,24.483333333333334,24.483333333333334,0.0,0.0
22200876,1630193,23.9,23.833333333333336,-0.06666666666666288,0.06666666666666288
22200876,1628392,26.433333333333334,26.433333333333334,0.0,0.0
22200876,1630167,13.166666666666666,13.166666666666666,0.0,0.0
22200876,1630540,1.25,1.25,0.0,0.0
22200876,203095,0.0,0.0,0.0,0.0
22200876,201565,0.0,0.0,0.0,0.0
22200876,1629631,28.5,28.433333333333334,-0.06666666666666643,0.06666666666666643
22200876,1628381,21.816666666666666,21.816666666666666,0.0,0.0
22200876,203991,25.766666666666666,25.4,-0.36666666666666714,0.36666666666666714
22200876,1627749,33.71666666666667,33.71666666666667,0.0,0.0
22200876,1629027,31.5,31.5,0.0,0.0
22200876,1628988,7.8,7.799999999999999,-8.881784197001252e-16,8.881784197001252e-16
22200876,1630168,18.516666666666666,18.516666666666666,0.0,0.0
22200876,203992,23.616666666666667,23.616666666666667,0.0,0.0
22200876,1630180,18.483333333333334,18.483333333333334,0.0,0.0
22200876,1631100,15.416666666666666,15.416666666666666,0.0,0.0
22200876,1629726,3.716666666666667,3.716666666666667,0.0,0.0
22200876,1630249,3.716666666666667,3.716666666666667,0.0,0.0
22200876,1630552,3.716666666666667,3.716666666666667,0.0,0.0
22200876,1628981,3.716666666666667,3.716666666666667,0.0,0.0
22200759,202691,36.833333333333336,36.81666666666666,-0.016666666666672825,0.016666666666672825
22200759,203952,32.25,32.15,-0.10000000000000142,0.10000000000000142
22200759,203110,31.383333333333333,31.383333333333333,0.0,0.0
22200759,1629673,30.916666666666668,30.8,-0.11666666666666714,0.11666666666666714
22200759,201939,36.61666666666667,36.61666666666667,0.0,0.0
22200759,1626172,22.533333333333335,22.53333333333333,-3.552713678800501e-15,3.552713678800501e-15
22200759,1628978,26.166666666666668,25.833333333333332,-0.3333333333333357,0.3333333333333357
22200759,1630228,12.116666666666667,12.116666666666667,0.0,0.0
22200759,1630237,11.216666666666667,11.216666666666667,0.0,0.0
22200759,1631116,0.0,0.0,0.0,0.0
22200759,203210,0.0,0.0,0.0,0.0
22200759,1630541,0.0,0.0,0.0,0.0
22200759,1630164,0.0,0.0,0.0,0.0
22200759,1630598,22.8,22.75,-0.05000000000000071,0.05000000000000071
22200759,1631114,30.966666666666665,30.983333333333334,0.016666666666669272,0.016666666666669272
22200759,1629026,33.166666666666664,33.15,-0.01666666666666572,0.01666666666666572
22200759,1630581,29.383333333333333,29.366666666666667,-0.01666666666666572,0.01666666666666572
22200759,1628983,36.516666666666666,36.516666666666666,0.0,0.0
22200759,203488,14.083333333333334,13.883333333333333,-0.20000000000000107,0.20000000000000107
22200759,1630544,12.95,12.833333333333334,-0.11666666666666536,0.11666666666666536
22200759,1630198,25.433333333333334,25.45,0.01666666666666572,0.01666666666666572
22200759,1629647,9.95,9.933333333333334,-0.01666666666666572,0.01666666666666572
22200759,1631172,6.966666666666667,6.966666666666667,0.0,0.0
22200759,1631119,17.8,17.816666666666666,0.01666666666666572,0.01666666666666572
22201079,1630171,20.416666666666668,20.4,-0.016666666666669272,0.016666666666669272
22201079,1630596,36.083333333333336,36.083333333333336,0.0,0.0
22201079,1628386,35.083333333333336,35.016666666666666,-0.06666666666666998,0.06666666666666998
22201079,1628378,36.96666666666667,36.96666666666667,0.0,0.0
22201079,1629636,31.966666666666665,31.983333333333334,0.016666666666669272,0.016666666666669272
22201079,1630205,5.85,5.666666666666666,-0.18333333333333357,0.18333333333333357
22201079,1627747,31.25,31.25,0.0,0.0
22201079,201937,19.4,19.4,0.0,0.0
22201079,1626224,22.983333333333334,22.983333333333334,0.0,0.0
22201079,1629603,0.0,0.0,0.0,0.0
22201079,201980,0.0,0.0,0.0,0.0
22201079,201577,0.0,0.0,0.0,0.0
22201079,203526,0.0,0.0,0.0,0.0
22201079,1629731,0.0,0.0,0.0,0.0
22201079,1629661,34.05,34.050000000000004,7.105427357601002e-15,7.105427357601002e-15
22201079,1627827,17.683333333333334,17.683333333333334,0.0,0.0
22201079,1629651,28.2,27.966666666666665,-0.23333333333333428,0.23333333333333428
22201079,1628969,37.05,37.05,0.0,0.0
22201079,203915,38.36666666666667,38.36666666666667,0.0,0.0
22201079,203925,19.35,19.35,0.0,0.0
22201079,1626220,24.716666666666665,24.716666666666665,0.0,0.0
22201079,1630549,19.8,19.8,0.0,0.0
22201079,1629139,11.15,11.05,-0.09999999999999964,0.09999999999999964
22201079,203552,9.633333333333333,9.5,-0.13333333333333286,0.13333333333333286
22201079,1629650,0.0,0.0,0.0,0.0
22201079,201988,0.0,0.0,0.0,0.0
22201079,1628410,0.0,0.0,0.0,0.0
22201079,1630560,0.0,0.0,0.0,0.0
22200053,203493,35.05,35.05,0.0,0.0
22200053,1627827,34.71666666666667,34.71666666666667,0.0,0.0
22200053,201580,12.266666666666667,12.266666666666666,-1.7763568394002505e-15,1.7763568394002505e-15
22200053,203915,37.983333333333334,37.85,-0.13333333333333286,0.13333333333333286
22200053,1629029,36.333333333333336,36.31666666666667,-0.01666666666666572,0.01666666666666572
22200053,1626174,29.466666666666665,29.483333333333334,0.016666666666669272,0.016666666666669272
22200053,1628467,27.616666666666667,27.616666666666667,0.0,0.0
22200053,1630182,13.616666666666667,13.616666666666667,0.0,0.0
22200053,1630267,12.95,12.95,0.0,0.0
22200053,1628416,0.0,0.0,0.0,0.0
22200053,1630702,0.0,0.0,0.0,0.0
22200053,1629033,0.0,0.0,0.0,0.0
22200053,203939,0.0,0.0,0.0,0.0
22200053,1630593,0.0,0.0,0.0,0.0
22200053,1630230,33.38333333333333,33.38333333333333,0.0,0.0
22200053,1630530,36.483333333333334,36.21666666666667,-0.2666666666666657,0.2666666666666657
22200053,202685,22.3,22.3,0.0,0.0
22200053,203468,35.516666666666666,35.516666666666666,0.0,0.0
22200053,1630631,25.983333333333334,25.8,-0.18333333333333357,0.18333333333333357
22200053,1626204,23.783333333333335,23.65,-0.1333333333333364,0.1333333333333364
22200053,1628984,27.016666666666666,27.016666666666666,0.0,0.0
22200053,1630700,22.116666666666667,22.116666666666667,0.0,0.0
22200053,1629637,13.416666666666666,13.416666666666668,1.7763568394002505e-15,1.7763568394002505e-15
22200053,1626195,0.0,0.0,0.0,0.0
22200053,1631220,0.0,0.0,0.0,0.0
22200053,202066,0.0,0.0,0.0,0.0
22200474,1628404,34.96666666666667,34.96666666666667,0.0,0.0
22200474,203924,35.483333333333334,35.483333333333334,0.0,0.0
22200474,203994,22.633333333333333,22.55,-0.08333333333333215,0.08333333333333215
22200474,1629014,29.583333333333332,29.6,0.016666666666669272,0.016666666666669272
22200474,203081,36.43333333333333,36.43333333333333,0.0,0.0
22200474,1629234,19.883333333333333,19.866666666666667,-0.01666666666666572,0.01666666666666572
22200474,1626159,15.75,15.75,0.0,0.0
22200474,1631101,19.333333333333332,19.333333333333336,3.552713678800501e-15,3.552713678800501e-15
22200474,1630570,18.066666666666666,17.983333333333334,-0.08333333333333215,0.08333333333333215
22200474,1630553,7.866666666666667,7.7333333333333325,-0.13333333333333464,0.13333333333333464
22200474,1630535,0.0,0.0,0.0,0.0
22200474,1631133,0.0,0.0,0.0,0.0
22200474,1629652,38.46666666666667,38.2,-0.2666666666666657,0.2666666666666657
22200474,1631114,30.416666666666668,30.383333333333333,-0.03333333333333499,0.03333333333333499
22200474,1630197,20.083333333333332,19.95,-0.13333333333333286,0.13333333333333286
22200474,1630581,30.916666666666668,30.916666666666668,0.0,0.0
22200474,1628983,35.46666666666667,35.46666666666667,0.0,0.0
22200474,1630198,17.583333333333332,17.566666666666666,-0.01666666666666572,0.01666666666666572
22200474,203488,20.466666666666665,19.766666666666666,-0.6999999999999993,0.6999999999999993
22200474,1630322,6.766666666666667,6.766666666666667,0.0,0.0
22200474,1629026,26.783333333333335,26.766666666666666,-0.016666666666669272,0.016666666666669272
22200474,1630598,9.55,9.533333333333333,-0.016666666666667496,0.016666666666667496
22200474,1630647,3.5166666666666666,3.5166666666666666,0.0,0.0
22200474,1629647,0.0,0.0,0.0,0.0
22200505,1629022,24.95,24.95,0.0,0.0
22200505,2544,31.166666666666668,31.166666666666664,-3.552713678800501e-15,3.552713678800501e-15
22200505,1628418,30.966666666666665,30.96666666666667,3.552713678800501e-15,3.552713678800501e-15
22200505,201976,29.683333333333334,29.683333333333334,0.0,0.0
22200505,203471,28.233333333333334,27.983333333333334,-0.25,0.25
22200505,201566,29.35,29.166666666666668,-0.18333333333333357,0.18333333333333357
22200505,1630559,26.433333333333334,26.433333333333334,0.0,0.0
22200505,1628972,17.433333333333334,17.433333333333334,0.0,0.0
22200505,1631108,4.966666666666667,4.966666666666667,0.0,0.0
22200505,1629117,15.183333333333334,14.933333333333334,-0.25,0.25
22200505,1629134,1.6333333333333333,1.6333333333333333,0.0,0.0
22200505,1627745,0.0,0.0,0.0,0.0
22200505,1629626,21.983333333333334,21.983333333333334,0.0,0.0
22200505,1631094,22.35,22.35,0.0,0.0
22200505,1629021,21.816666666666666,21.55,-0.2666666666666657,0.2666666666666657
22200505,1630532,30.6,30.599999999999998,-3.552713678800501e-15,3.552713678800501e-15
22200505,1628365,27.566666666666666,27.566666666666666,0.0,0.0
22200505,1630175,25.866666666666667,25.866666666666667,0.0,0.0
22200505,1628976,19.45,19.45,0.0,0.0
22200505,203082,21.45,21.45,0.0,0.0
22200505,203914,17.8,17.8,0.0,0.0
22200505,1628964,19.883333333333333,19.883333333333333,0.0,0.0
22200505,1631216,8.8,8.8,0.0,0.0
22200505,1630181,2.4333333333333336,2.433333333333333,-4.440892098500626e-16,4.440892098500626e-16
22200006,1627742,31.0,30.916666666666664,-0.0833333333333357,0.0833333333333357
22200006,1629627,30.033333333333335,30.05,0.01666666666666572,0.01666666666666572
22200006,202685,26.6,26.616666666666667,0.01666666666666572,0.01666666666666572
22200006,1630529,27.966666666666665,27.96666666666667,3.552713678800501e-15,3.552713678800501e-15
22200006,203468,31.033333333333335,31.05,0.01666666666666572,0.01666666666666572
22200006,1630631,15.733333333333333,15.716666666666667,-0.01666666666666572,0.01666666666666572
22200006,1630530,23.95,23.95,0.0,0.0
22200006,1626204,21.4,21.383333333333333,-0.01666666666666572,0.01666666666666572
22200006,1628984,15.033333333333333,15.033333333333333,0.0,0.0
22200006,1630230,14.05,14.033333333333333,-0.016666666666667496,0.016666666666667496
22200006,1630700,3.2,3.2,0.0,0.0
22200006,1629637,0.0,0.0,0.0,0.0
22200006,1626195,0.0,0.0,0.0,0.0
22200006,1631220,0.0,0.0,0.0,0.0
22200006,202066,0.0,0.0,0.0,0.0
22200006,201142,31.783333333333335,31.633333333333333,-0.15000000000000213,0.15000000000000213
22200006,1626220,34.15,33.983333333333334,-0.1666666666666643,0.1666666666666643
22200006,1629651,24.766666666666666,24.78333333333333,0.01666666666666572,0.01666666666666572
22200006,202681,34.166666666666664,34.166666666666664,0.0,0.0
22200006,1627732,23.166666666666668,23.0,-0.16666666666666785,0.16666666666666785
22200006,1630549,22.516666666666666,22.28333333333333,-0.23333333333333428,0.23333333333333428
22200006,201988,22.683333333333334,22.666666666666664,-0.016666666666669272,0.016666666666669272
22200006,1628410,18.883333333333333,18.9,0.01666666666666572,0.01666666666666572
22200006,202693,2.7333333333333334,2.7333333333333334,0.0,0.0
22200006,1630560,12.716666666666667,12.7,-0.016666666666667496,0.016666666666667496
22200006,1629139,8.566666666666666,8.583333333333332,0.01666666666666572,0.01666666666666572
22200006,1630556,3.8666666666666667,3.8666666666666667,0.0,0.0
22200006,1630561,0.0,0.0,0.0,0.0
22200006,1631214,0.0,0.0,0.0,0.0
22200748,1629661,32.3,32.083333333333336,-0.21666666666666146,0.21666666666666146
22200748,1628470,30.733333333333334,30.733333333333334,0.0,0.0
22200748,1629028,36.55,36.55,0.0,0.0
22200748,1628969,40.916666666666664,40.81666666666666,-0.10000000000000142,0.10000000000000142
22200748,101108,39.233333333333334,39.06666666666666,-0.1666666666666714,0.1666666666666714
22200748,1627814,20.683333333333334,20.683333333333334,0.0,0.0
22200748,203967,23.05,22.9,-0.15000000000000213,0.15000000000000213
22200748,202687,16.016666666666666,15.833333333333334,-0.1833333333333318,0.1833333333333318
22200748,1630240,13.766666666666667,13.766666666666667,0.0,0.0
22200748,1629006,11.75,11.466666666666667,-0.2833333333333332,0.2833333333333332
22200748,1629111,0.0,0.0,0.0,0.0
22200748,1630688,0.0,0.0,0.0,0.0
22200748,1630613,0.0,0.0,0.0,0.0
22200748,1629640,40.93333333333333,40.949999999999996,0.01666666666666572,0.01666666666666572
22200748,1631110,39.55,39.2,-0.3499999999999943,0.3499999999999943
22200748,1627751,33.43333333333333,33.45,0.016666666666672825,0.016666666666672825
22200748,1628966,32.233333333333334,32.233333333333334,0.0,0.0
22200748,1630200,27.983333333333334,27.983333333333334,0.0,0.0
22200748,1631103,20.983333333333334,20.900000000000002,-0.08333333333333215,0.08333333333333215
22200748,203926,20.266666666666666,20.15,-0.11666666666666714,0.11666666666666714
22200748,1628380,19.566666666666666,19.55,-0.01666666666666572,0.01666666666666572
22200748,1626169,25.95,25.95,0.0,0.0
22200748,1631104,4.1,4.083333333333334,-0.01666666666666572,0.01666666666666572
22200748,203476,0.0,0.0,0.0,0.0
22200748,1629676,0.0,0.0,0.0,0.0
22200404,1629631,20.5,20.5,0.0,0.0
22200404,1630552,28.8,28.733333333333334,-0.06666666666666643,0.06666666666666643
22200404,1630168,28.466666666666665,28.21666666666667,-0.24999999999999645,0.24999999999999645
22200404,1631100,24.666666666666668,24.666666666666668,0.0,0.0
22200404,1630235,29.433333333333334,29.266666666666666,-0.16666666666666785,0.16666666666666785
22200404,1628988,29.15,29.033333333333335,-0.11666666666666359,0.11666666666666359
22200404,1626163,19.533333333333335,19.53333333333333,-3.552713678800501e-15,3.552713678800501e-15
22200404,203200,18.916666666666668,18.916666666666664,-3.552713678800501e-15,3.552713678800501e-15
22200404,1629633,12.616666666666667,12.616666666666667,0.0,0.0
22200404,1630249,15.916666666666666,15.916666666666666,0.0,0.0
22200404,1631213,12.0,12.0,0.0,0.0
22200404,203991,0.0,0.0,0.0,0.0
22200404,1628415,29.4,29.4,0.0,0.0
22200404,1628991,23.6,23.6,0.0,0.0
22200404,1629634,23.266666666666666,23.083333333333332,-0.18333333333333357,0.18333333333333357
22200404,1629723,23.883333333333333,23.883333333333333,0.0,0.0
22200404,1626145,25.166666666666668,25.166666666666668,0.0,0.0
22200404,1630583,20.616666666666667,20.616666666666667,0.0,0.0
22200404,1630214,20.283333333333335,20.283333333333335,0.0,0.0
22200404,1631223,21.8,21.8,0.0,0.0
22200404,1631113,22.833333333333332,22.833333333333336,3.552713678800501e-15,3.552713678800501e-15
22200404,1630533,20.916666666666668,20.916666666666664,-3.552713678800501e-15,3.552713678800501e-15
22200404,1631222,4.116666666666666,4.116666666666666,0.0,0.0
22200404,1631254,4.116666666666666,4.116666666666666,0.0,0.0
22200835,1628966,42.53333333333333,42.53333333333333,0.0,0.0
22200835,1629676,25.066666666666666,24.95,-0.11666666666666714,0.11666666666666714
22200835,1628380,35.35,35.03333333333333,-0.31666666666667,0.31666666666667
22200835,1631104,24.166666666666668,24.166666666666668,0.0,0.0
22200835,1631103,42.71666666666667,42.56666666666666,-0.15000000000000568,0.15000000000000568
22200835,203926,18.95,18.78333333333333,-0.16666666666666785,0.16666666666666785
22200835,1626169,32.166666666666664,32.166666666666664,0.0,0.0
22200835,1628984,36.61666666666667,36.61666666666667,0.0,0.0
22200835,1631230,14.85,14.85,0.0,0.0
22200835,203476,17.6,17.6,0.0,0.0
22200835,1629640,0.0,0.0,0.0,0.0
22200835,202711,41.93333333333333,41.78333333333333,-0.14999999999999858,0.14999999999999858
22200835,1630191,29.066666666666666,29.083333333333332,0.01666666666666572,0.01666666666666572
22200835,1631105,41.9,41.88333333333333,-0.01666666666666572,0.01666666666666572
22200835,1631093,43.56666666666667,43.0,-0.56666666666667,0.56666666666667
22200835,1630165,39.083333333333336,39.083333333333336,0.0,0.0
22200835,1628977,17.916666666666668,17.916666666666668,0.0,0.0
22200835,202692,14.616666666666667,14.616666666666665,-1.7763568394002505e-15,1.7763568394002505e-15
22200835,202709,17.283333333333335,17.283333333333335,0.0,0.0
22200835,1630587,40.233333333333334,40.233333333333334,0.0,0.0
22200835,203585,4.4,4.4,0.0,0.0
22200835,1628963,0.0,0.0,0.0,0.0
22200835,1630649,0.0,0.0,0.0,0.0
22200056,1630532,34.7,34.53333333333333,-0.1666666666666714,0.1666666666666714
22200056,1631094,36.983333333333334,36.78333333333333,-0.20000000000000284,0.20000000000000284
22200056,1628976,32.8,32.21666666666667,-0.5833333333333286,0.5833333333333286
22200056,203082,31.9,31.8,-0.09999999999999787,0.09999999999999787
22200056,1630175,32.05,32.05,0.0,0.0
22200056,1630284,22.233333333333334,21.983333333333334,-0.25,0.25
22200056,1629626,21.783333333333335,21.766666666666666,-0.016666666666669272,0.016666666666669272
22200056,1631216,15.083333333333334,14.866666666666667,-0.21666666666666679,0.21666666666666679
22200056,1628964,7.016666666666667,7.016666666666667,0.0,0.0
22200056,1629643,5.466666666666667,5.466666666666667,0.0,0.0
22200056,1630181,0.0,0.0,0.0,0.0
22200056,1629678,0.0,0.0,0.0,0.0
22200056,1629731,29.733333333333334,29.666666666666668,-0.06666666666666643,0.06666666666666643
22200056,1630596,34.43333333333333,34.43333333333334,7.105427357601002e-15,7.105427357601002e-15
22200056,1628386,29.65,29.65,0.0,0.0
22200056,1627747,33.43333333333333,33.31666666666667,-0.11666666666666003,0.11666666666666003
22200056,1628378,37.18333333333333,36.86666666666667,-0.3166666666666629,0.3166666666666629
22200056,1626224,31.216666666666665,30.98333333333333,-0.23333333333333428,0.23333333333333428
22200056,201567,18.983333333333334,18.983333333333334,0.0,0.0
22200056,203526,13.9,13.883333333333333,-0.016666666666667496,0.016666666666667496
22200056,1630171,11.483333333333333,11.316666666666666,-0.16666666666666607,0.16666666666666607
22200056,1629603,0.0,0.0,0.0,0.0
22200056,201577,0.0,0.0,0.0,0.0
22200056,1630205,0.0,0.0,0.0,0.0
22300019,1631097,15.883333333333333,15.883333333333333,0.0,0.0
22300019,1630167,36.666666666666664,36.666666666666664,0.0,0.0
22300019,1626167,19.216666666666665,19.05,-0.1666666666666643,0.1666666666666643
22300019,1628971,35.8,35.8,0.0,0.0
22300019,1630169,38.43333333333333,38.43333333333334,7.105427357601002e-15,7.105427357601002e-15
22300019,1630188,2.55,2.4333333333333336,-0.11666666666666625,0.11666666666666625
22300019,1627741,28.966666666666665,28.95,-0.01666666666666572,0.01666666666666572
22300019,204456,13.1,12.983333333333334,-0.11666666666666536,0.11666666666666536
22300019,1630174,22.3,21.916666666666668,-0.38333333333333286,0.38333333333333286
22300019,1630543,17.383333333333333,17.383333333333333,0.0,0.0
22300019,1629614,9.716666666666667,9.716666666666667,0.0,0.0
22300019,1629670,0.0,0.0,0.0,0.0
22300019,1641767,0.0,0.0,0.0,0.0
22300019,1641716,0.0,0.0,0.0,0.0
22300019,203496,16.266666666666666,16.266666666666666,0.0,0.0
22300019,202699,36.81666666666667,36.733333333333334,-0.0833333333333357,0.0833333333333357
22300019,203954,37.666666666666664,37.31666666666666,-0.3500000000000014,0.3500000000000014
22300019,1629001,35.15,35.13333333333333,-0.01666666666666572,0.01666666666666572
22300019,1630178,38.15,38.15,0.0,0.0
22300019,202694,17.666666666666668,17.666666666666664,-3.552713678800501e-15,3.552713678800501e-15
22300019,201976,27.5,27.2,-0.3000000000000007,0.3000000000000007
22300019,1627863,18.016666666666666,18.016666666666666,0.0,0.0
22300019,1627788,1.85,1.8666666666666667,0.016666666666666607,0.016666666666666607
22300019,1630194,10.333333333333334,10.333333333333332,-1.7763568394002505e-15,1.7763568394002505e-15
22300019,1630231,0.5833333333333334,0.5833333333333334,0.0,0.0
22300019,1628964,0.0,0.0,0.0,0.0
22300019,1630531,0.0,0.0,0.0,0.0
22300343,1629628,28.316666666666666,28.316666666666666,0.0,0.0
22300343,203944,30.9,30.9,0.0,0.0
22300343,1630579,18.183333333333334,18.066666666666666,-0.11666666666666714,0.11666666666666714
22300343,1628978,21.733333333333334,21.5,-0.23333333333333428,0.23333333333333428
22300343,1628973,33.93333333333333,33.93333333333334,7.105427357601002e-15,7.105427357601002e-15
22300343,1628392,29.816666666666666,29.683333333333334,-0.13333333333333286,0.13333333333333286
22300343,1628404,8.283333333333333,8.283333333333333,0.0,0.0
22300343,1630193,19.166666666666668,19.166666666666668,0.0,0.0
22300343,1629656,23.533333333333335,23.53333333333333,-3.552713678800501e-15,3.552713678800501e-15
22300343,1630540,10.5,10.416666666666668,-0.08333333333333215,0.08333333333333215
22300343,201959,6.433333333333334,6.433333333333334,0.0,0.0
22300343,1629610,6.433333333333334,6.433333333333334,0.0,0.0
22300343,1627853,2.7666666666666666,2.7666666666666666,0.0,0.0
22300343,203095,0.0,0.0,0.0,0.0
22300343,202695,30.233333333333334,30.233333333333334,0.0,0.0
22300343,202331,31.216666666666665,31.083333333333332,-0.13333333333333286,0.13333333333333286
22300343,1627826,27.6,27.6,0.0,0.0
22300343,1629611,26.6,26.6,0.0,0.0
22300343,201935,28.183333333333334,28.0,-0.18333333333333357,0.18333333333333357
22300343,201566,15.1,15.100000000000001,1.7763568394002505e-15,1.7763568394002505e-15
22300343,1626181,24.433333333333334,24.433333333333334,0.0,0.0
22300343,1629599,16.766666666666666,16.766666666666666,0.0,0.0
22300343,1628464,14.95,14.95,0.0,0.0
22300343,1630563,4.983333333333333,4.983333333333333,0.0,0.0
22300343,1630527,4.983333333333333,4.9833333333333325,-8.881784197001252e-16,8.881784197001252e-16
22300343,1641738,4.983333333333333,4.983333333333333,0.0,0.0
22300343,1629875,4.983333333333333,4.983333333333333,0.0,0.0
22300343,1641757,4.983333333333333,4.983333333333333,0.0,0.0
22300343,200782,0.0,0.0,0.0,0.0
22300468,201942,38.5,38.5,0.0,0.0
22300468,1630172,26.833333333333332,26.816666666666666,-0.01666666666666572,0.01666666666666572
22300468,203083,30.45,30.049999999999997,-0.40000000000000213,0.40000000000000213
22300468,1627936,32.6,32.55,-0.05000000000000426,0.05000000000000426
22300468,1629632,37.7,37.7,0.0,0.0
22300468,1630245,31.366666666666667,31.233333333333334,-0.13333333333333286,0.13333333333333286
22300468,1628975,15.6,15.433333333333334,-0.16666666666666607,0.16666666666666607
22300468,1630678,15.716666666666667,15.716666666666667,0.0,0.0
22300468,1631207,8.366666666666667,8.266666666666666,-0.10000000000000142,0.10000000000000142
22300468,1641763,1.7166666666666668,1.7166666666666666,-2.220446049250313e-16,2.220446049250313e-16
22300468,1641766,1.1333333333333333,1.1333333333333333,0.0,0.0
22300468,1628470,0.0,0.0,0.0,0.0
22300468,1628384,34.4,34.4,0.0,0.0
22300468,203944,38.6,38.6,0.0,0.0
22300468,1628392,36.56666666666667,36.583333333333336,0.01666666666666572,0.01666666666666572
22300468,1628973,38.31666666666667,38.21666666666667,-0.10000000000000142,0.10000000000000142
22300468,1628978,25.0,25.0,0.0,0.0
22300468,1628404,25.4,25.316666666666666,-0.08333333333333215,0.08333333333333215
22300468,1629656,18.333333333333332,18.333333333333332,0.0,0.0
22300468,1630540,9.683333333333334,9.683333333333334,0.0,0.0
22300468,1630173,11.433333333333334,11.333333333333332,-0.10000000000000142,0.10000000000000142
22300468,1630579,1.1333333333333333,1.1333333333333333,0.0,0.0
22300468,1627853,1.1333333333333333,1.1333333333333333,0.0,0.0
22300468,203095,0.0,0.0,0.0,0.0
22300468,201959,0.0,0.0,0.0,0.0
22301206,1631223,21.983333333333334,21.983333333333334,0.0,0.0
22301206,1628991,35.016666666666666,34.916666666666664,-0.10000000000000142,0.10000000000000142
22301206,202687,25.7,25.7,0.0,0.0
22301206,201565,15.483333333333333,15.483333333333334,1.7763568394002505e-15,1.7763568394002505e-15
22301206,1630217,35.7,35.7,0.0,0.0
22301206,1629669,25.966666666666665,25.96666666666667,3.552713678800501e-15,3.552713678800501e-15
22301206,1630583,26.1,26.1,0.0,0.0
22301206,1631246,24.766666666666666,24.766666666666666,0.0,0.0
22301206,1629723,21.75,21.75,0.0,0.0
22301206,1630214,6.533333333333333,6.533333333333333,0.0,0.0
22301206,1631254,0.3333333333333333,0.3333333333333333,0.0,0.0
22301206,1630533,0.3333333333333333,0.3333333333333333,0.0,0.0
22301206,1631367,0.3333333333333333,0.3333333333333333,0.0,0.0
22301206,202711,32.06666666666667,32.06666666666666,-7.105427357601002e-15,7.105427357601002e-15
22301206,1630191,27.95,27.95,0.0,0.0
22301206,1631105,30.133333333333333,30.133333333333333,0.0,0.0
22301206,1630165,27.1,27.1,0.0,0.0
22301206,1630595,34.016666666666666,34.016666666666666,0.0,0.0
22301206,1630587,18.65,18.666666666666668,0.016666666666669272,0.016666666666669272
22301206,1631204,5.166666666666667,5.166666666666666,-8.881784197001252e-16,8.881784197001252e-16
22301206,202692,17.1,17.1,0.0,0.0
22301206,1641709,16.133333333333333,16.116666666666667,-0.01666666666666572,0.01666666666666572
22301206,1630164,7.933333333333334,7.733333333333333,-0.20000000000000018,0.20000000000000018
22301206,1631093,23.75,23.75,0.0,0.0
22301206,1628963,0.0,0.0,0.0,0.0
22301206,1628995,0.0,0.0,0.0,0.0
22300859,1630182,28.183333333333334,28.03333333333333,-0.15000000000000213,0.15000000000000213
22300859,1629023,35.21666666666667,35.21666666666667,0.0,0.0
22300859,1641726,23.433333333333334,23.433333333333334,0.0,0.0
22300859,202681,36.81666666666667,36.81666666666666,-7.105427357601002e-15,7.105427357601002e-15
22300859,1629029,36.55,36.55,0.0,0.0
22300859,203501,20.0,20.0,0.0,0.0
22300859,1629655,5.95,5.95,0.0,0.0
22300859,203957,14.65,14.65,0.0,0.0
22300859,1628467,20.233333333333334,20.233333333333334,0.0,0.0
22300859,1627884,7.216666666666667,7.216666666666667,0.0,0.0
22300859,1630702,3.9166666666666665,3.9166666666666665,0.0,0.0
22300859,203939,3.9166666666666665,3.916666666666667,4.440892098500626e-16,4.440892098500626e-16
22300859,1641765,3.9166666666666665,3.9166666666666665,0.0,0.0
22300859,202693,0.0,0.0,0.0,0.0
22300859,1627759,30.783333333333335,30.633333333333333,-0.15000000000000213,0.15000000000000213
22300859,1628369,37.166666666666664,37.166666666666664,0.0,0.0
22300859,204001,29.416666666666668,29.266666666666666,-0.15000000000000213,0.15000000000000213
22300859,1628401,32.36666666666667,32.35,-0.01666666666666572,0.01666666666666572
22300859,201950,26.833333333333332,26.833333333333332,0.0,0.0
22300859,201143,27.733333333333334,27.733333333333334,0.0,0.0
22300859,1630573,15.183333333333334,15.066666666666666,-0.11666666666666714,0.11666666666666714
22300859,1630202,16.016666666666666,16.016666666666666,0.0,0.0
22300859,1630214,15.1,15.1,0.0,0.0
22300859,1629052,3.9166666666666665,3.9166666666666665,0.0,0.0
22300859,1629004,3.5666666666666664,3.566666666666667,4.440892098500626e-16,4.440892098500626e-16
22300859,1630531,1.9166666666666665,1.9166666666666667,2.220446049250313e-16,2.220446049250313e-16
22300859,1628436,0.0,0.0,0.0,0.0
22300840,1641706,32.71666666666667,32.71666666666667,0.0,0.0
22300840,1628970,36.86666666666667,36.61666666666667,-0.25,0.25
22300840,1630208,20.333333333333332,20.06666666666667,-0.26666666666666217,0.26666666666666217
22300840,1630544,32.7,32.7,0.0,0.0
22300840,1628998,22.2,22.2,0.0,0.0
22300840,203552,19.833333333333332,19.833333333333332,0.0,0.0
22300840,203995,16.533333333333335,16.28333333333333,-0.25000000000000355,0.25000000000000355
22300840,1629684,27.533333333333335,27.53333333333333,-3.552713678800501e-15,3.552713678800501e-15
22300840,202722,15.183333333333334,15.183333333333334,0.0,0.0
22300840,1630550,6.433333333333334,6.433333333333334,0.0,0.0
22300840,1629716,4.833333333333333,4.833333333333333,0.0,0.0
22300840,1631121,4.833333333333333,4.833333333333333,0.0,0.0
22300840,203109,23.133333333333333,23.133333333333333,0.0,0.0
22300840,203507,24.25,24.25,0.0,0.0
22300840,201572,23.35,23.35,0.0,0.0
22300840,1627736,26.166666666666668,26.016666666666666,-0.15000000000000213,0.15000000000000213
22300840,203081,24.833333333333332,24.616666666666667,-0.216666666666665,0.216666666666665
22300840,1626171,20.4,20.400000000000002,3.552713678800501e-15,3.552713678800501e-15
22300840,201976,15.533333333333333,15.533333333333333,0.0,0.0
22300840,1626192,26.433333333333334,26.43333333333333,-3.552713678800501e-15,3.552713678800501e-15
22300840,201568,15.166666666666666,15.166666666666668,1.7763568394002505e-15,1.7763568394002505e-15
22300840,1631260,12.966666666666667,12.95,-0.016666666666667496,0.016666666666667496
22300840,203648,12.0,12.0,0.0,0.0
22300840,1630699,9.333333333333334,9.333333333333334,0.0,0.0
22300840,1641753,6.433333333333334,6.183333333333334,-0.25,0.25
22301154,1631128,28.283333333333335,28.133333333333333,-0.15000000000000213,0.15000000000000213
22301154,1629008,28.883333333333333,28.883333333333333,0.0,0.0
22301154,203999,34.06666666666667,33.833333333333336,-0.23333333333333428,0.23333333333333428
22301154,203484,29.216666666666665,29.083333333333336,-0.1333333333333293,0.1333333333333293
22301154,1627750,27.116666666666667,27.116666666666667,0.0,0.0
22301154,1631212,30.483333333333334,30.483333333333334,0.0,0.0
22301154,202704,23.95,23.95,0.0,0.0
22301154,203200,18.316666666666666,18.316666666666666,0.0,0.0
22301154,1630192,12.033333333333333,12.016666666666666,-0.016666666666667496,0.016666666666667496
22301154,1631124,1.9166666666666665,1.9166666666666667,2.220446049250313e-16,2.220446049250313e-16
22301154,1629618,1.9166666666666665,1.9166666666666667,2.220446049250313e-16,2.220446049250313e-16
22301154,1630643,1.9166666666666665,1.9166666666666667,2.220446049250313e-16,2.220446049250313e-16
22301154,1641816,1.9166666666666665,1.9166666666666667,2.220446049250313e-16,2.220446049250313e-16
22301154,201599,0.0,0.0,0.0,0.0
22301154,1629677,34.86666666666667,34.86666666666667,0.0,0.0
22301154,1641707,21.716666666666665,21.71666666666667,3.552713678800501e-15,3.552713678800501e-15
22301154,1630209,37.266666666666666,37.266666666666666,0.0,0.0
22301154,1630548,31.75,31.75,0.0,0.0
22301154,1641718,30.033333333333335,30.033333333333335,0.0,0.0
22301154,1629647,25.316666666666666,25.316666666666666,0.0,0.0
22301154,1641729,20.666666666666668,20.666666666666664,-3.552713678800501e-15,3.552713678800501e-15
22301154,1629659,32.333333333333336,32.083333333333336,-0.25,0.25
22301154,1630554,6.05,6.05,0.0,0.0
22301154,1630184,0.0,0.0,0.0,0.0
22301154,1631254,0.0,0.0,0.0,0.0
22301154,1630695,0.0,0.0,0.0,0.0
22300053,201942,25.683333333333334,25.5,-0.18333333333333357,0.18333333333333357
22300053,1630172,28.366666666666667,28.366666666666667,0.0,0.0
22300053,202696,25.333333333333332,25.333333333333332,0.0,0.0
22300053,203897,24.616666666666667,24.46666666666667,-0.14999999999999858,0.14999999999999858
22300053,1629632,29.583333333333332,29.583333333333336,3.552713678800501e-15,3.552713678800501e-15
22300053,1630245,23.916666666666668,23.766666666666666,-0.15000000000000213,0.15000000000000213
22300053,1627936,19.083333333333332,19.083333333333336,3.552713678800501e-15,3.552713678800501e-15
22300053,1628470,13.266666666666667,13.266666666666666,-1.7763568394002505e-15,1.7763568394002505e-15
22300053,203083,12.966666666666667,12.833333333333334,-0.13333333333333286,0.13333333333333286
22300053,1628975,16.7,16.7,0.0,0.0
22300053,1641763,9.833333333333334,9.833333333333334,0.0,0.0
22300053,1631207,7.566666666666666,7.566666666666666,0.0,0.0
22300053,1630678,3.0833333333333335,3.0833333333333335,0.0,0.0
22300053,1627759,34.78333333333333,34.78333333333333,0.0,0.0
22300053,1628369,35.55,35.31666666666666,-0.23333333333333428,0.23333333333333428
22300053,201143,28.4,28.383333333333333,-0.01666666666666572,0.01666666666666572
22300053,1628401,28.516666666666666,28.4,-0.11666666666666714,0.11666666666666714
22300053,201950,33.18333333333333,33.18333333333333,0.0,0.0
22300053,1630573,20.716666666666665,20.716666666666665,0.0,0.0
22300053,1630625,14.6,14.600000000000001,1.7763568394002505e-15,1.7763568394002505e-15
22300053,1630202,22.833333333333332,22.833333333333332,0.0,0.0
22300053,1628436,19.433333333333334,19.45,0.01666666666666572,0.01666666666666572
22300053,1629004,1.8666666666666667,1.8666666666666667,0.0,0.0
22300053,1630205,0.13333333333333333,0.11666666666666667,-0.016666666666666663,0.016666666666666663
22300053,1629052,0.0,0.0,0.0,0.0
22300053,1629674,0.0,0.0,0.0,0.0
22301057,1628415,42.583333333333336,42.583333333333336,0.0,0.0
22301057,1641708,38.7,38.56666666666666,-0.13333333333333997,0.13333333333333997
22301057,1631095,34.95,34.86666666666667,-0.0833333333333357,0.0833333333333357
22301057,1630224,46.36666666666667,46.36666666666667,0.0,0.0
22301057,1627832,43.03333333333333,42.83333333333333,-0.20000000000000284,0.20000000000000284
22301057,1630256,9.483333333333333,9.483333333333334,1.7763568394002505e-15,1.7763568394002505e-15
22301057,1629111,19.616666666666667,19.616666666666667,0.0,0.0
22301057,201145,13.366666666666667,13.366666666666667,0.0,0.0
22301057,1628988,10.733333333333333,10.733333333333334,1.7763568394002505e-15,1.7763568394002505e-15
22301057,203493,6.166666666666667,6.050000000000001,-0.11666666666666625,0.11666666666666625
22301057,1626246,0.0,0.0,0.0,0.0
22301057,1631466,0.0,0.0,0.0,0.0
22301057,1629652,34.13333333333333,34.13333333333333,0.0,0.0
22301057,1631114,37.65,37.65,0.0,0.0
22301057,1631096,18.333333333333332,18.333333333333332,0.0,0.0
22301057,1641717,24.533333333333335,24.516666666666666,-0.016666666666669272,0.016666666666669272
22301057,1630581,31.883333333333333,31.8,-0.08333333333333215,0.08333333333333215
22301057,202330,21.583333333333332,21.583333333333332,0.0,0.0
22301057,1630598,25.1,25.083333333333336,-0.01666666666666572,0.01666666666666572
22301057,1631119,14.483333333333333,14.483333333333334,1.7763568394002505e-15,1.7763568394002505e-15
22301057,1630198,33.45,33.46666666666667,0.01666666666666572,0.01666666666666572
22301057,203488,4.333333333333333,4.333333333333333,0.0,0.0
22301057,1629026,19.516666666666666,19.53333333333333,0.01666666666666572,0.01666666666666572
22301057,202687,0.0,0.0,0.0,0.0
22301057,1641749,0.0,0.0,0.0,0.0
22301057,1630846,0.0,0.0,0.0,0.0
22301057,1630322,0.0,0.0,0.0,0.0
22300653,1629018,26.216666666666665,26.21666666666667,3.552713678800501e-15,3.552713678800501e-15
22300653,1628971,36.766666666666666,36.766666666666666,0.0,0.0
22300653,201152,22.016666666666666,21.983333333333334,-0.03333333333333144,0.03333333333333144
22300653,1630567,37.61666666666667,37.6,-0.01666666666666572,0.01666666666666572
22300653,203471,29.15,29.15,0.0,0.0
22300653,1641711,25.05,25.05,0.0,0.0
22300653,1629007,19.3,19.299999999999997,-3.552713678800501e-15,3.552713678800501e-15
22300653,1629670,30.833333333333332,30.833333333333336,3.552713678800501e-15,3.552713678800501e-15
22300653,1628449,13.066666666666666,13.066666666666666,0.0,0.0
22300653,1629667,0.0,0.0,0.0,0.0
22300653,203490,0.0,0.0,0.0,0.0
22300653,202066,0.0,0.0,0.0,0.0
22300653,1630180,41.016666666666666,41.016666666666666,0.0,0.0
22300653,1630552,41.96666666666667,41.81666666666667,-0.14999999999999858,0.14999999999999858
22300653,203991,27.85,27.849999999999998,-3.552713678800501e-15,3.552713678800501e-15
22300653,203992,38.61666666666667,38.61666666666667,0.0,0.0
22300653,1629027,41.71666666666667,41.733333333333334,0.01666666666666572,0.01666666666666572
22300653,201988,14.683333333333334,14.683333333333334,0.0,0.0
22300653,1630235,6.283333333333333,6.266666666666667,-0.016666666666666607,0.016666666666666607
22300653,1630168,20.15,20.15,0.0,0.0
22300653,1629726,7.716666666666667,7.5166666666666675,-0.1999999999999993,0.1999999999999993
22300653,1631100,0.0,0.0,0.0,0.0
22300653,202083,0.0,0.0,0.0,0.0
22300653,1627749,0.0,0.0,0.0,0.0
22300006,1627884,16.95,16.933333333333334,-0.01666666666666572,0.01666666666666572
22300006,1629684,32.85,32.483333333333334,-0.36666666666666714,0.36666666666666714
22300006,1641726,24.8,24.8,0.0,0.0
22300006,1629029,38.266666666666666,38.11666666666667,-0.14999999999999858,0.14999999999999858
22300006,202681,34.86666666666667,34.86666666666667,0.0,0.0
22300006,203501,26.75,26.75,0.0,0.0
22300006,203939,16.5,16.5,0.0,0.0
22300006,1630182,27.166666666666668,26.95,-0.21666666666666856,0.21666666666666856
22300006,1630702,14.183333333333334,14.083333333333332,-0.10000000000000142,0.10000000000000142
22300006,203552,5.3,5.3,0.0,0.0
22300006,203957,1.1833333333333333,1.1833333333333333,0.0,0.0
22300006,1641765,1.1833333333333333,1.1833333333333333,0.0,0.0
22300006,1626158,0.0,0.0,0.0,0.0
22300006,1629008,34.46666666666667,34.45,-0.01666666666666572,0.01666666666666572
22300006,203932,35.233333333333334,35.233333333333334,0.0,0.0
22300006,203999,35.583333333333336,35.58333333333333,-7.105427357601002e-15,7.105427357601002e-15
22300006,203484,36.85,36.85,0.0,0.0
22300006,1627750,39.3,39.3,0.0,0.0
22300006,202704,19.85,19.85,0.0,0.0
22300006,1631128,14.633333333333333,14.633333333333333,0.0,0.0
22300006,1631212,12.516666666666667,12.516666666666667,0.0,0.0
22300006,1630192,11.583333333333334,11.583333333333334,0.0,0.0
22300006,1631221,0.0,0.0,0.0,0.0
22300006,203200,0.0,0.0,0.0,0.0
22300006,201599,0.0,0.0,0.0,0.0
22300006,1630296,0.0,0.0,0.0,0.0
22300006,1629618,0.0,0.0,0.0,0.0
22300006,1631124,0.0,0.0,0.0,0.0
22300690,1628960,31.266666666666666,31.03333333333333,-0.23333333333333428,0.23333333333333428
22300690,201142,38.15,38.083333333333336,-0.06666666666666288,0.06666666666666288
22300690,203994,23.166666666666668,22.916666666666668,-0.25,0.25
22300690,203078,39.75,39.75,0.0,0.0
22300690,1626164,38.13333333333333,37.85,-0.28333333333333144,0.28333333333333144
22300690,201569,27.75,27.75,0.0,0.0
22300690,1628966,9.85,9.85,0.0,0.0
22300690,1629234,17.383333333333333,17.383333333333333,0.0,0.0
22300690,1629006,14.55,14.55,0.0,0.0
22300690,1629626,0.0,0.0,0.0,0.0
22300690,1630692,0.0,0.0,0.0,0.0
22300690,1629642,0.0,0.0,0.0,0.0
22300690,1629002,0.0,0.0,0.0,0.0
22300690,1629139,0.0,0.0,0.0,0.0
22300690,1630180,16.45,16.45,0.0,0.0
22300690,1630552,37.733333333333334,37.666666666666664,-0.06666666666666998,0.06666666666666998
22300690,203991,20.85,20.683333333333334,-0.16666666666666785,0.16666666666666785
22300690,1627749,39.166666666666664,39.06666666666667,-0.09999999999999432,0.09999999999999432
22300690,1629027,42.18333333333333,42.18333333333333,0.0,0.0
22300690,1630168,27.15,27.15,0.0,0.0
22300690,201988,9.583333333333334,9.583333333333332,-1.7763568394002505e-15,1.7763568394002505e-15
22300690,203992,34.35,34.2,-0.14999999999999858,0.14999999999999858
22300690,202083,12.533333333333333,12.533333333333333,0.0,0.0
22300690,1628981,0.0,0.0,0.0,0.0
22300690,1630235,0.0,0.0,0.0,0.0
22300690,1631100,0.0,0.0,0.0,0.0
22300690,1629726,0.0,0.0,0.0,0.0
22300303,1628969,36.583333333333336,36.583333333333336,0.0,0.0
22300303,1629661,31.583333333333332,31.583333333333332,0.0,0.0
22300303,1629651,26.0,25.9,-0.10000000000000142,0.10000000000000142
22300303,1630560,30.983333333333334,30.866666666666667,-0.11666666666666714,0.11666666666666714
22300303,203915,34.016666666666666,34.016666666666666,0.0,0.0
22300303,1630549,14.016666666666667,14.016666666666667,0.0,0.0
22300303,1627827,24.683333333333334,24.683333333333334,0.0,0.0
22300303,1626220,19.133333333333333,19.133333333333333,0.0,0.0
22300303,1630570,11.1,10.666666666666668,-0.4333333333333318,0.4333333333333318
22300303,1630592,3.966666666666667,3.966666666666667,0.0,0.0
22300303,1629717,3.966666666666667,3.966666666666667,0.0,0.0
22300303,1628385,3.966666666666667,3.85,-0.1166666666666667,0.1166666666666667
22300303,203084,26.866666666666667,26.866666666666667,0.0,0.0
22300303,1631099,33.78333333333333,33.78333333333333,0.0,0.0
22300303,1627734,34.266666666666666,34.266666666666666,0.0,0.0
22300303,1628989,17.066666666666666,16.866666666666667,-0.1999999999999993,0.1999999999999993
22300303,1628368,32.71666666666667,32.41666666666667,-0.29999999999999716,0.29999999999999716
22300303,1628370,27.983333333333334,27.983333333333334,0.0,0.0
22300303,1631165,14.633333333333333,14.633333333333333,0.0,0.0
22300303,1626168,23.25,23.25,0.0,0.0
22300303,201580,7.65,7.483333333333333,-0.16666666666666696,0.16666666666666696
22300303,1630556,3.05,3.05,0.0,0.0
22300303,1628426,10.65,10.649999999999999,-1.7763568394002505e-15,1.7763568394002505e-15
22300303,1630537,2.9,2.9,0.0,0.0
22300303,1630558,2.65,2.65,0.0,0.0
22300303,1641771,1.2666666666666666,1.2666666666666666,0.0,0.0
22300303,1641732,1.2666666666666666,1.2666666666666666,0.0,0.0
22300838,1630577,18.9,18.9,0.0,0.0
22300838,1631110,15.983333333333333,15.983333333333333,0.0,0.0
22300838,1641705,34.25,34.1,-0.14999999999999858,0.14999999999999858
22300838,1630170,38.983333333333334,38.983333333333334,0.0,0.0
22300838,1630200,28.933333333333334,28.933333333333334,0.0,0.0
22300838,1628380,13.75,13.75,0.0,0.0
22300838,1629640,33.983333333333334,33.75,-0.23333333333333428,0.23333333333333428
22300838,1631104,12.05,11.933333333333334,-0.11666666666666714,0.11666666666666714
22300838,1626224,22.4,22.4,0.0,0.0
22300838,1631103,20.766666666666666,20.766666666666666,0.0,0.0
22300838,1628984,0.0,0.0,0.0,0.0
22300838,1630572,0.0,0.0,0.0,0.0
22300838,1630183,26.45,26.450000000000003,3.552713678800501e-15,3.552713678800501e-15
22300838,203937,15.3,15.15,-0.15000000000000036,0.15000000000000036
22300838,203497,39.13333333333333,39.0,-0.13333333333333286,0.13333333333333286
22300838,1630162,33.083333333333336,33.083333333333336,0.0,0.0
22300838,201144,19.75,19.583333333333336,-0.1666666666666643,0.1666666666666643
22300838,1629638,29.816666666666666,29.81666666666667,3.552713678800501e-15,3.552713678800501e-15
22300838,1629675,32.88333333333333,32.88333333333333,0.0,0.0
22300838,1628420,26.983333333333334,26.85,-0.13333333333333286,0.13333333333333286
22300838,1629162,15.966666666666667,15.966666666666667,0.0,0.0
22300838,1631169,0.3333333333333333,0.31666666666666665,-0.016666666666666663,0.016666666666666663
22300838,1628382,0.3333333333333333,0.31666666666666665,-0.016666666666666663,0.016666666666666663
22300838,1630568,0.0,0.0,0.0,0.0
22300838,1631111,0.0,0.0,0.0,0.0
22300056,203114,23.383333333333333,23.166666666666668,-0.216666666666665,0.216666666666665
22300056,203507,39.5,39.333333333333336,-0.1666666666666643,0.1666666666666643
22300056,201572,31.65,31.416666666666668,-0.23333333333333073,0.23333333333333073
22300056,1627736,37.78333333333333,37.78333333333333,0.0,0.0
22300056,203081,37.43333333333333,37.43333333333333,0.0,0.0
22300056,1626192,15.133333333333333,15.133333333333333,0.0,0.0
22300056,1626171,22.75,22.75,0.0,0.0
22300056,1630699,8.9,8.9,0.0,0.0
22300056,1626166,17.766666666666666,17.616666666666667,-0.14999999999999858,0.14999999999999858
22300056,1631260,2.3833333333333333,2.15,-0.2333333333333334,0.2333333333333334
22300056,1641748,3.3166666666666664,3.3166666666666664,0.0,0.0
22300056,203648,0.0,0.0,0.0,0.0
22300056,1641753,0.0,0.0,0.0,0.0
22300056,201577,0.0,0.0,0.0,0.0
22300056,1626196,36.583333333333336,36.583333333333336,0.0,0.0
22300056,201567,25.933333333333334,25.933333333333334,0.0,0.0
22300056,1628389,42.18333333333333,41.983333333333334,-0.19999999999999574,0.19999999999999574
22300056,1629130,31.4,31.416666666666668,0.016666666666669272,0.016666666666669272
22300056,200768,33.7,33.18333333333334,-0.5166666666666657,0.5166666666666657
22300056,1631170,32.833333333333336,32.83333333333333,-7.105427357601002e-15,7.105427357601002e-15
22300056,1628997,25.95,25.933333333333334,-0.01666666666666572,0.01666666666666572
22300056,1631288,11.416666666666666,11.416666666666666,0.0,0.0
22300056,1628418,0.0,0.0,0.0,0.0
22300056,202710,0.0,0.0,0.0,0.0
22300056,1629312,0.0,0.0,0.0,0.0
22300056,1631107,0.0,0.0,0.0,0.0
22300056,1631115,0.0,0.0,0.0,0.0
22300056,1631306,0.0,0.0,0.0,0.0
22400019,1630583,15.983333333333333,15.983333333333334,1.7763568394002505e-15,1.7763568394002505e-15
22400019,1628991,32.88333333333333,32.88333333333333,0.0,0.0
22400019,1629634,12.833333333333334,12.833333333333332,-1.7763568394002505e-15,1.7763568394002505e-15
22400019,1642377,27.233333333333334,27.21666666666667,-0.01666666666666572,0.01666666666666572
22400019,1630590,21.866666666666667,21.8,-0.06666666666666643,0.06666666666666643
22400019,1630217,27.016666666666666,27.016666666666666,0.0,0.0
22400019,1641744,23.466666666666665,23.45,-0.01666666666666572,0.01666666666666572
22400019,203935,19.95,19.95,0.0,0.0
22400019,1631246,23.8,23.633333333333333,-0.16666666666666785,0.16666666666666785
22400019,1631222,16.9,16.85,-0.04999999999999716,0.04999999999999716
22400019,1628379,11.983333333333333,11.983333333333334,1.7763568394002505e-15,1.7763568394002505e-15
22400019,1630643,6.1,6.1,0.0,0.0
22400019,1629723,0.0,0.0,0.0,0.0
22400019,203952,20.783333333333335,20.633333333333333,-0.15000000000000213,0.15000000000000213
22400019,203110,30.25,30.25,0.0,0.0
22400019,1631218,17.7,17.7,0.0,0.0
22400019,1630322,10.55,10.55,0.0,0.0
22400019,201939,26.016666666666666,26.016666666666666,0.0,0.0
22400019,1627780,10.633333333333333,10.633333333333333,0.0,0.0
22400019,1626172,12.5,12.5,0.0,0.0
22400019,1627741,30.316666666666666,30.316666666666666,0.0,0.0
22400019,203937,19.05,18.900000000000002,-0.14999999999999858,0.14999999999999858
22400019,1630228,17.983333333333334,17.983333333333334,0.0,0.0
22400019,1641764,27.75,27.75,0.0,0.0
22400019,1630541,16.483333333333334,16.46666666666667,-0.01666666666666572,0.01666666666666572
22400019,1630311,0.0,0.0,0.0,0.0
22400549,202699,36.1,36.1,0.0,0.0
22400549,1641709,25.65,25.633333333333333,-0.01666666666666572,0.01666666666666572
22400549,1631105,19.55,19.549999999999997,-3.552713678800501e-15,3.552713678800501e-15
22400549,1630595,32.05,32.05,0.0,0.0
22400549,203501,35.36666666666667,35.36666666666667,0.0,0.0
22400549,1630191,28.466666666666665,28.46666666666667,3.552713678800501e-15,3.552713678800501e-15
22400549,1627736,17.633333333333333,17.633333333333333,0.0,0.0
22400549,1631204,15.566666666666666,15.566666666666666,0.0,0.0
22400549,1631323,15.116666666666667,15.116666666666667,0.0,0.0
22400549,1641842,14.5,14.383333333333333,-0.11666666666666714,0.11666666666666714
22400549,1631111,0.0,0.0,0.0,0.0
22400549,1630194,0.0,0.0,0.0,0.0
22400549,1628384,38.766666666666666,38.63333333333333,-0.13333333333333286,0.13333333333333286
22400549,1628404,37.86666666666667,37.6,-0.2666666666666657,0.2666666666666657
22400549,1626157,43.03333333333333,43.03333333333333,0.0,0.0
22400549,1628969,37.016666666666666,37.016666666666666,0.0,0.0
22400549,1628973,39.416666666666664,39.41666666666667,7.105427357601002e-15,7.105427357601002e-15
22400549,1630173,9.633333333333333,9.633333333333333,0.0,0.0
22400549,1630540,16.65,16.65,0.0,0.0
22400549,1629013,4.016666666666667,4.016666666666667,0.0,0.0
22400549,1626166,13.6,13.6,0.0,0.0
22400549,1630574,0.0,0.0,0.0,0.0
22400549,1642278,0.0,0.0,0.0,0.0
22400549,1630346,0.0,0.0,0.0,0.0
22400549,1631210,0.0,0.0,0.0,0.0
22400269,203952,33.13333333333333,33.13333333333333,0.0,0.0
22400269,203110,26.683333333333334,26.383333333333333,-0.3000000000000007,0.3000000000000007
22400269,1631218,23.316666666666666,23.2,-0.11666666666666714,0.11666666666666714
22400269,1630322,25.183333333333334,25.183333333333334,0.0,0.0
22400269,201939,31.983333333333334,32.0,0.01666666666666572,0.01666666666666572
22400269,1627780,12.916666666666666,12.9,-0.01666666666666572,0.01666666666666572
22400269,1627741,23.85,23.85,0.0,0.0
22400269,1630541,21.816666666666666,21.816666666666666,0.0,0.0
22400269,1626172,12.666666666666666,12.633333333333333,-0.033333333333333215,0.033333333333333215
22400269,1641764,15.566666666666666,15.566666666666666,0.0,0.0
22400269,203937,12.883333333333333,12.883333333333335,1.7763568394002505e-15,1.7763568394002505e-15
22400269,1630228,0.0,0.0,0.0,0.0
22400269,1630611,0.0,0.0,0.0,0.0
22400269,1630577,34.45,34.46666666666667,0.01666666666666572,0.01666666666666572
22400269,203084,31.7,31.700000000000003,3.552713678800501e-15,3.552713678800501e-15
22400269,1641705,34.28333333333333,34.05,-0.23333333333333428,0.23333333333333428
22400269,1642264,32.78333333333333,32.766666666666666,-0.01666666666666572,0.01666666666666572
22400269,101108,28.616666666666667,28.583333333333332,-0.03333333333333499,0.03333333333333499
22400269,1628380,12.15,12.133333333333335,-0.01666666666666572,0.01666666666666572
22400269,1630200,23.066666666666666,23.066666666666666,0.0,0.0
22400269,1631103,12.85,12.866666666666667,0.016666666666667496,0.016666666666667496
22400269,1630572,16.516666666666666,16.333333333333332,-0.18333333333333357,0.18333333333333357
22400269,1631104,13.616666666666667,13.616666666666667,0.0,0.0
22400269,1629646,0.0,0.0,0.0,0.0
22400269,1631321,0.0,0.0,0.0,0.0
22401224,1630171,19.516666666666666,19.516666666666666,0.0,0.0
22401224,1630596,23.033333333333335,23.03333333333333,-3.552713678800501e-15,3.552713678800501e-15
22401224,1628386,23.733333333333334,23.733333333333334,0.0,0.0
22401224,1628378,30.366666666666667,30.25,-0.11666666666666714,0.11666666666666714
22401224,1629636,24.0,23.833333333333332,-0.16666666666666785,0.16666666666666785
22401224,1627747,18.95,18.95,0.0,0.0
22401224,1627777,24.716666666666665,24.716666666666665,0.0,0.0
22401224,1630241,24.083333333333332,23.866666666666667,-0.216666666666665,0.216666666666665
22401224,1629731,22.883333333333333,22.883333333333333,0.0,0.0
22401224,1629660,16.116666666666667,16.116666666666667,0.0,0.0
22401224,202684,7.216666666666667,7.216666666666667,0.0,0.0
22401224,1630550,5.383333333333334,5.033333333333333,-0.35000000000000053,0.35000000000000053
22401224,1629661,27.75,27.566666666666666,-0.18333333333333357,0.18333333333333357
22401224,1627827,24.0,24.0,0.0,0.0
22401224,1629651,22.5,22.466666666666665,-0.03333333333333499,0.03333333333333499
22401224,1630553,23.733333333333334,23.46666666666667,-0.2666666666666657,0.2666666666666657
22401224,1627732,30.816666666666666,30.816666666666666,0.0,0.0
22401224,1630592,29.25,29.183333333333334,-0.06666666666666643,0.06666666666666643
22401224,1629003,17.183333333333334,17.183333333333334,0.0,0.0
22401224,1630570,9.966666666666667,9.966666666666667,0.0,0.0
22401224,1641730,17.1,17.1,0.0,0.0
22401224,1630549,19.866666666666667,19.7,-0.16666666666666785,0.16666666666666785
22401224,1631213,17.85,17.75,-0.10000000000000142,0.10000000000000142
22401224,1630533,0.0,0.0,0.0,0.0
22400878,1642258,32.083333333333336,32.083333333333336,0.0,0.0
22400878,1631230,12.766666666666667,12.766666666666666,-1.7763568394002505e-15,1.7763568394002505e-15
22400878,1630168,31.833333333333332,31.6,-0.23333333333333073,0.23333333333333073
22400878,1630700,33.36666666666667,33.36666666666667,0.0,0.0
22400878,1629027,36.3,36.3,0.0,0.0
22400878,1627747,31.833333333333332,31.46666666666667,-0.3666666666666636,0.3666666666666636
22400878,1629611,29.0,28.75,-0.25,0.25
22400878,203991,16.166666666666668,16.066666666666666,-0.10000000000000142,0.10000000000000142
22400878,1629726,13.833333333333334,13.65,-0.18333333333333357,0.18333333333333357
22400878,1630811,2.8333333333333335,2.833333333333333,-4.440892098500626e-16,4.440892098500626e-16
22400878,1631243,0.0,0.0,0.0,0.0
22400878,1630284,0.0,0.0,0.0,0.0
22400878,1642377,32.6,32.46666666666667,-0.13333333333333286,0.13333333333333286
22400878,1628991,1.65,1.65,0.0,0.0
22400878,1641744,26.783333333333335,26.766666666666666,-0.016666666666669272,0.016666666666669272
22400878,1630217,35.88333333333333,35.78333333333333,-0.10000000000000142,0.10000000000000142
22400878,1628379,34.93333333333333,34.93333333333334,7.105427357601002e-15,7.105427357601002e-15
22400878,1641713,28.05,28.066666666666666,0.01666666666666572,0.01666666666666572
22400878,1631246,24.866666666666667,24.8,-0.06666666666666643,0.06666666666666643
22400878,1629634,21.15,21.166666666666664,0.01666666666666572,0.01666666666666572
22400878,1630590,16.333333333333332,16.316666666666666,-0.01666666666666572,0.01666666666666572
22400878,1629723,14.85,14.85,0.0,0.0
22400878,1630205,2.9,2.9000000000000004,4.440892098500626e-16,4.440892098500626e-16
22400878,1628963,0.0,0.0,0.0,0.0
22400878,1630643,0.0,0.0,0.0,0.0
22400878,1642285,0.0,0.0,0.0,0.0
22400760,1630541,32.96666666666667,32.8,-0.1666666666666714,0.1666666666666714
22400760,202710,31.383333333333333,31.166666666666668,-0.216666666666665,0.216666666666665
22400760,203110,32.18333333333333,32.05,-0.13333333333333286,0.13333333333333286
22400760,1627741,30.183333333333334,30.183333333333334,0.0,0.0
22400760,201939,33.983333333333334,33.983333333333334,0.0,0.0
22400760,1627780,9.916666666666666,9.916666666666666,0.0,0.0
22400760,1641764,32.13333333333333,32.13333333333333,0.0,0.0
22400760,1626172,12.233333333333333,12.233333333333334,1.7763568394002505e-15,1.7763568394002505e-15
22400760,1630611,6.366666666666666,6.366666666666667,8.881784197001252e-16,8.881784197001252e-16
22400760,1642366,15.1,15.1,0.0,0.0
22400760,1631218,1.1833333333333333,1.1833333333333333,0.0,0.0
22400760,1642050,1.1833333333333333,1.1833333333333333,0.0,0.0
22400760,1630311,1.1833333333333333,1.1833333333333333,0.0,0.0
22400760,1627752,32.43333333333333,32.43333333333333,0.0,0.0
22400760,1628398,33.733333333333334,33.71666666666667,-0.01666666666666572,0.01666666666666572
22400760,201572,24.85,24.85,0.0,0.0
22400760,1641748,13.15,13.15,0.0,0.0
22400760,203081,38.86666666666667,38.86666666666667,0.0,0.0
22400760,1629018,28.483333333333334,28.483333333333334,0.0,0.0
22400760,1626171,26.383333333333333,26.0,-0.38333333333333286,0.38333333333333286
22400760,1631157,6.6,6.6000000000000005,8.881784197001252e-16,8.881784197001252e-16
22400760,1631260,21.816666666666666,21.816666666666666,0.0,0.0
22400760,1629645,10.15,10.0,-0.15000000000000036,0.15000000000000036
22400760,1626192,3.533333333333333,3.55,0.016666666666666607,0.016666666666666607
22400760,1641753,0.0,0.0,0.0,0.0
22400760,1630579,0.0,0.0,0.0,0.0
22400760,1641890,0.0,0.0,0.0,0.0
22401080,1627759,29.816666666666666,29.566666666666666,-0.25,0.25
22401080,1628369,35.88333333333333,35.88333333333333,0.0,0.0
22401080,204001,25.283333333333335,25.133333333333333,-0.15000000000000213,0.15000000000000213
22401080,1628401,40.016666666666666,40.016666666666666,0.0,0.0
22401080,201950,34.86666666666667,34.86666666666667,0.0,0.0
22401080,1628436,31.233333333333334,31.233333333333334,0.0,0.0
22401080,1631248,18.95,18.95,0.0,0.0
22401080,1630573,23.95,23.95,0.0,0.0
22401080,1628470,0.0,0.0,0.0,0.0
22401080,1641936,0.0,0.0,0.0,0.0
22401080,1629674,0.0,0.0,0.0,0.0
22401080,1630214,0.0,0.0,0.0,0.0
22401080,1641775,0.0,0.0,0.0,0.0
22401080,1642264,29.516666666666666,29.366666666666667,-0.14999999999999858,0.14999999999999858
22401080,203084,24.316666666666666,24.316666666666666,0.0,0.0
22401080,1631110,31.433333333333334,31.21666666666667,-0.216666666666665,0.216666666666665
22401080,1630170,37.68333333333333,37.68333333333334,7.105427357601002e-15,7.105427357601002e-15
22401080,101108,35.21666666666667,35.13333333333333,-0.0833333333333357,0.0833333333333357
22401080,1629640,33.63333333333333,33.63333333333333,0.0,0.0
22401080,1631104,16.116666666666667,15.933333333333334,-0.18333333333333357,0.18333333333333357
22401080,1630577,15.516666666666667,15.466666666666667,-0.05000000000000071,0.05000000000000071
22401080,1630572,16.566666666666666,16.383333333333333,-0.18333333333333357,0.18333333333333357
22401080,202687,0.0,0.0,0.0,0.0
22401080,1631103,0.0,0.0,0.0,0.0
22401080,1629162,0.0,0.0,0.0,0.0
22400053,1641783,22.316666666666666,22.316666666666666,0.0,0.0
22400053,1630532,38.9,38.9,0.0,0.0
22400053,1628976,19.55,19.55,0.0,0.0
22400053,203484,26.616666666666667,26.45,-0.16666666666666785,0.16666666666666785
22400053,1630591,39.43333333333333,39.43333333333334,7.105427357601002e-15,7.105427357601002e-15
22400053,1641710,20.316666666666666,20.316666666666666,0.0,0.0
22400053,1629021,28.45,28.266666666666666,-0.18333333333333357,0.18333333333333357
22400053,1628371,12.65,12.65,0.0,0.0
22400053,1630175,13.1,12.983333333333334,-0.11666666666666536,0.11666666666666536
22400053,1641724,11.45,11.45,0.0,0.0
22400053,1631216,7.216666666666667,7.216666666666667,0.0,0.0
22400053,1629048,0.0,0.0,0.0,0.0
22400053,202709,0.0,0.0,0.0,0.0
22400053,1628384,32.45,32.45,0.0,0.0
22400053,1628404,38.81666666666667,38.583333333333336,-0.23333333333333428,0.23333333333333428
22400053,1626157,35.71666666666667,35.71666666666667,0.0,0.0
22400053,1628969,35.53333333333333,35.416666666666664,-0.11666666666666714,0.11666666666666714
22400053,1628973,26.516666666666666,26.433333333333334,-0.08333333333333215,0.08333333333333215
22400053,1630540,25.733333333333334,25.55,-0.18333333333333357,0.18333333333333357
22400053,1630579,12.283333333333333,12.1,-0.18333333333333357,0.18333333333333357
22400053,1626166,18.6,18.433333333333334,-0.16666666666666785,0.16666666666666785
22400053,1630346,5.7,5.7,0.0,0.0
22400053,1630574,2.8833333333333333,2.8833333333333333,0.0,0.0
22400053,1642278,2.8833333333333333,2.8833333333333333,0.0,0.0
22400053,1642359,2.8833333333333333,2.8833333333333333,0.0,0.0
22400053,1631210,0.0,0.0,0.0,0.0
22400475,1642264,24.483333333333334,24.383333333333333,-0.10000000000000142,0.10000000000000142
22400475,203084,31.85,31.85,0.0,0.0
22400475,1641705,33.416666666666664,33.21666666666667,-0.19999999999999574,0.19999999999999574
22400475,1630170,36.21666666666667,36.21666666666667,0.0,0.0
22400475,101108,31.233333333333334,31.23333333333333,-3.552713678800501e-15,3.552713678800501e-15
22400475,1628380,14.583333333333334,14.466666666666667,-0.11666666666666714,0.11666666666666714
22400475,1630577,25.0,25.0,0.0,0.0
22400475,1629640,26.45,26.45,0.0,0.0
22400475,1630200,16.766666666666666,16.766666666666666,0.0,0.0
22400475,1629646,0.0,0.0,0.0,0.0
22400475,1631103,0.0,0.0,0.0,0.0
22400475,1631321,0.0,0.0,0.0,0.0
22400475,1630572,0.0,0.0,0.0,0.0
22400475,1631104,0.0,0.0,0.0,0.0
22400475,1631128,42.75,42.75,0.0,0.0
22400475,1629008,41.766666666666666,41.766666666666666,0.0,0.0
22400475,203999,36.65,36.53333333333333,-0.11666666666666714,0.11666666666666714
22400475,201566,31.233333333333334,31.016666666666666,-0.21666666666666856,0.21666666666666856
22400475,1627750,36.55,36.550000000000004,7.105427357601002e-15,7.105427357601002e-15
22400475,1631124,22.95,22.95,0.0,0.0
22400475,1631212,18.616666666666667,18.616666666666667,0.0,0.0
22400475,1641816,5.35,5.3500000000000005,8.881784197001252e-16,8.881784197001252e-16
22400475,201599,4.133333333333334,4.133333333333334,0.0,0.0
22400475,1642461,0.0,0.0,0.0,0.0
22400475,1630192,0.0,0.0,0.0,0.0
22400475,1629618,0.0,0.0,0.0,0.0
22400475,203967,0.0,0.0,0.0,0.0
22400506,1630249,22.25,22.05,-0.1999999999999993,0.1999999999999993
22400506,1642258,23.883333333333333,23.883333333333333,0.0,0.0
22400506,203991,25.25,25.166666666666668,-0.08333333333333215,0.08333333333333215
22400506,1630700,35.18333333333333,34.983333333333334,-0.19999999999999574,0.19999999999999574
22400506,1629027,36.56666666666667,36.56666666666666,-7.105427357601002e-15,7.105427357601002e-15
22400506,1629631,27.433333333333334,27.433333333333334,0.0,0.0
22400506,1630168,22.733333333333334,22.733333333333334,0.0,0.0
22400506,203992,28.05,28.06666666666667,0.016666666666669272,0.016666666666669272
22400506,1629726,18.65,18.65,0.0,0.0
22400506,1631230,0.0,0.0,0.0,0.0
22400506,1641723,0.0,0.0,0.0,0.0
22400506,1631223,0.0,0.0,0.0,0.0
22400506,1630548,24.9,24.9,0.0,0.0
22400506,1628374,30.683333333333334,30.45,-0.23333333333333428,0.23333333333333428
22400506,1631117,30.233333333333334,30.23333333333333,-3.552713678800501e-15,3.552713678800501e-15
22400506,1629012,30.616666666666667,30.5,-0.11666666666666714,0.11666666666666714
22400506,1642268,26.166666666666668,26.049999999999997,-0.1166666666666707,0.1166666666666707
22400506,1642271,17.183333333333334,17.05,-0.13333333333333286,0.13333333333333286
22400506,1642262,29.35,29.233333333333334,-0.11666666666666714,0.11666666666666714
22400506,201988,18.116666666666667,18.116666666666667,0.0,0.0
22400506,1629234,17.766666666666666,17.766666666666666,0.0,0.0
22400506,1630695,14.983333333333333,14.983333333333334,1.7763568394002505e-15,1.7763568394002505e-15
22400506,1641718,0.0,0.0,0.0,0.0
22400506,1629004,0.0,0.0,0.0,0.0
22400006,203078,29.333333333333332,29.03333333333333,-0.3000000000000007,0.3000000000000007
22400006,1642346,19.866666666666667,19.866666666666667,0.0,0.0
22400006,203486,26.466666666666665,26.46666666666667,3.552713678800501e-15,3.552713678800501e-15
22400006,1626164,34.3,34.3,0.0,0.0
22400006,1626145,33.06666666666667,33.06666666666666,-7.105427357601002e-15,7.105427357601002e-15
22400006,1626220,23.666666666666668,23.666666666666668,0.0,0.0
22400006,1628960,25.583333333333332,25.583333333333332,0.0,0.0
22400006,1642345,21.45,21.45,0.0,0.0
22400006,1628420,14.55,14.55,0.0,0.0
22400006,1629006,11.716666666666667,11.716666666666667,0.0,0.0
22400006,1629626,0.0,0.0,0.0,0.0
22400006,1627814,0.0,0.0,0.0,0.0
22400006,1642262,15.216666666666667,15.216666666666667,0.0,0.0
22400006,1628374,31.433333333333334,31.433333333333334,0.0,0.0
22400006,1628381,34.38333333333333,34.38333333333333,0.0,0.0
22400006,1629012,30.666666666666668,30.433333333333334,-0.23333333333333428,0.23333333333333428
22400006,1641718,33.05,32.86666666666667,-0.18333333333333002,0.18333333333333002
22400006,203903,30.083333333333332,30.083333333333332,0.0,0.0
22400006,1630548,13.333333333333334,13.133333333333333,-0.20000000000000107,0.20000000000000107
22400006,1642271,23.35,23.35,0.0,0.0
22400006,1642268,14.95,14.85,-0.09999999999999964,0.09999999999999964
22400006,1641729,10.1,10.1,0.0,0.0
22400006,1629234,3.4333333333333336,3.433333333333333,-4.440892098500626e-16,4.440892098500626e-16
22400006,201988,0.0,0.0,0.0,0.0
22400006,1629004,0.0,0.0,0.0,0.0
22400749,1631128,37.8,37.8,0.0,0.0
22400749,203932,24.483333333333334,24.483333333333334,0.0,0.0
22400749,203999,28.633333333333333,28.633333333333333,0.0,0.0
22400749,1631124,38.733333333333334,38.733333333333334,0.0,0.0
22400749,1627750,37.9,37.9,0.0,0.0
22400749,1629618,17.216666666666665,17.21666666666667,3.552713678800501e-15,3.552713678800501e-15
22400749,1630192,20.8,20.683333333333334,-0.11666666666666714,0.11666666666666714
22400749,201599,16.65,16.2,-0.4499999999999993,0.4499999999999993
22400749,1641816,6.816666666666666,6.816666666666666,0.0,0.0
22400749,1641725,5.533333333333333,5.533333333333333,0.0,0.0
22400749,1641790,2.716666666666667,2.716666666666667,0.0,0.0
22400749,1642461,2.716666666666667,2.716666666666667,0.0,0.0
22400749,203967,0.0,0.0,0.0,0.0
22400749,1642346,13.416666666666666,13.416666666666668,1.7763568394002505e-15,1.7763568394002505e-15
22400749,1626220,30.466666666666665,30.46666666666667,3.552713678800501e-15,3.552713678800501e-15
22400749,1630208,21.783333333333335,21.783333333333335,0.0,0.0
22400749,1626164,34.31666666666667,34.31666666666666,-7.105427357601002e-15,7.105427357601002e-15
22400749,1626145,28.75,28.75,0.0,0.0
22400749,1629626,33.25,33.25,0.0,0.0
22400749,203486,16.1,15.95,-0.15000000000000213,0.15000000000000213
22400749,1628420,13.9,13.816666666666666,-0.08333333333333393,0.08333333333333393
22400749,1627814,16.45,16.45,0.0,0.0
22400749,1631102,20.866666666666667,20.866666666666667,0.0,0.0
22400749,1631221,5.35,5.35,0.0,0.0
22400749,1642345,5.35,5.35,0.0,0.0
22400404,203501,24.816666666666666,24.816666666666666,0.0,0.0
22400404,202699,29.233333333333334,29.233333333333334,0.0,0.0
22400404,1631105,27.433333333333334,27.433333333333334,0.0,0.0
22400404,1631093,29.066666666666666,28.766666666666666,-0.3000000000000007,0.3000000000000007
22400404,1630595,35.266666666666666,35.266666666666666,0.0,0.0
22400404,1627736,25.766666666666666,25.78333333333333,0.01666666666666572,0.01666666666666572
22400404,1641709,16.233333333333334,16.233333333333334,0.0,0.0
22400404,1630194,20.066666666666666,20.0,-0.06666666666666643,0.06666666666666643
22400404,1631323,19.383333333333333,19.383333333333333,0.0,0.0
22400404,1641842,12.75,12.733333333333333,-0.016666666666667496,0.016666666666667496
22400404,1641752,0.0,0.0,0.0,0.0
22400404,1631111,0.0,0.0,0.0,0.0
22400404,1631204,0.0,0.0,0.0,0.0
22400404,1629060,28.616666666666667,28.633333333333333,0.01666666666666572,0.01666666666666572
22400404,2544,35.45,35.43333333333334,-0.01666666666666572,0.01666666666666572
22400404,203076,38.6,38.6,0.0,0.0
22400404,1631108,33.25,33.233333333333334,-0.01666666666666572,0.01666666666666572
22400404,1630559,36.88333333333333,36.75,-0.13333333333333286,0.13333333333333286
22400404,1626156,15.5,15.516666666666667,0.016666666666667496,0.016666666666667496
22400404,1629216,18.816666666666666,18.8,-0.01666666666666572,0.01666666666666572
22400404,1629629,17.183333333333334,17.116666666666667,-0.06666666666666643,0.06666666666666643
22400404,1642261,15.733333333333333,15.716666666666667,-0.01666666666666572,0.01666666666666572
22400404,1642355,0.0,0.0,0.0,0.0
22400404,1631132,0.0,0.0,0.0,0.0
22400404,1641721,0.0,0.0,0.0,0.0
22400404,1642439,0.0,0.0,0.0,0.0
22400404,1642422,0.0,0.0,0.0,0.0
22400836,1628369,33.15,33.15,0.0,0.0
22400836,201143,30.083333333333332,30.083333333333332,0.0,0.0
22400836,204001,25.933333333333334,25.8,-0.13333333333333286,0.13333333333333286
22400836,1628401,31.283333333333335,31.28333333333333,-3.552713678800501e-15,3.552713678800501e-15
22400836,201950,31.283333333333335,31.28333333333333,-3.552713678800501e-15,3.552713678800501e-15
22400836,1630202,31.383333333333333,31.383333333333333,0.0,0.0
22400836,1641775,15.083333333333334,14.899999999999999,-0.18333333333333535,0.18333333333333535
22400836,1630573,12.05,12.049999999999999,-1.7763568394002505e-15,1.7763568394002505e-15
22400836,1629674,11.083333333333334,11.083333333333332,-1.7763568394002505e-15,1.7763568394002505e-15
22400836,1631120,4.666666666666667,4.666666666666667,0.0,0.0
22400836,1630214,4.666666666666667,4.666666666666667,0.0,0.0
22400836,1641809,4.666666666666667,4.666666666666667,0.0,0.0
22400836,1631248,4.666666666666667,4.666666666666667,0.0,0.0
22400836,1628470,0.0,0.0,0.0,0.0
22400836,1641817,0.0,0.0,0.0,0.0
22400836,1641709,26.6,26.5,-0.10000000000000142,0.10000000000000142
22400836,202699,34.016666666666666,34.016666666666666,0.0,0.0
22400836,1631105,25.633333333333333,25.633333333333333,0.0,0.0
22400836,203501,28.7,28.7,0.0,0.0
22400836,1630595,34.11666666666667,33.93333333333333,-0.18333333333333712,0.18333333333333712
22400836,1627736,21.65,21.65,0.0,0.0
22400836,1631204,20.933333333333334,20.933333333333334,0.0,0.0
22400836,1630191,19.65,19.316666666666666,-0.33333333333333215,0.33333333333333215
22400836,1641842,18.966666666666665,18.883333333333333,-0.08333333333333215,0.08333333333333215
22400836,1630322,2.716666666666667,2.716666666666667,0.0,0.0
22400836,1630194,2.716666666666667,2.716666666666667,0.0,0.0
22400836,1641752,2.716666666666667,2.716666666666667,0.0,0.0
22400836,1642450,1.5833333333333335,1.5833333333333335,0.0,0.0
22400836,203471,0.0,0.0,0.0,0.0
22400056,1642377,21.866666666666667,21.866666666666667,0.0,0.0
22400056,1628991,29.366666666666667,29.366666666666667,0.0,0.0
22400056,1629634,21.683333333333334,21.683333333333334,0.0,0.0
22400056,1630217,31.25,31.25,0.0,0.0
22400056,1629630,31.433333333333334,31.433333333333334,0.0,0.0
22400056,1630583,28.683333333333334,28.700000000000003,0.016666666666669272,0.016666666666669272
22400056,1630590,17.366666666666667,17.35,-0.01666666666666572,0.01666666666666572
22400056,1630643,16.216666666666665,16.21666666666667,3.552713678800501e-15,3.552713678800501e-15
22400056,1631222,10.616666666666667,10.616666666666667,0.0,0.0
22400056,203935,25.3,25.183333333333334,-0.11666666666666714,0.11666666666666714
22400056,1628379,6.216666666666667,6.216666666666667,0.0,0.0
22400056,1629723,0.0,0.0,0.0,0.0
22400056,202691,20.383333333333333,20.383333333333333,0.0,0.0
22400056,1629023,38.15,38.0,-0.14999999999999858,0.14999999999999858
22400056,1641726,32.016666666666666,31.85,-0.1666666666666643,0.1666666666666643
22400056,202681,35.11666666666667,34.81666666666666,-0.30000000000000426,0.30000000000000426
22400056,1629029,40.46666666666667,40.46666666666667,0.0,0.0
22400056,1629656,20.233333333333334,20.1,-0.13333333333333286,0.13333333333333286
22400056,1629655,15.55,15.55,0.0,0.0
22400056,203915,24.483333333333334,24.483333333333334,0.0,0.0
22400056,1628467,10.016666666666667,10.016666666666666,-1.7763568394002505e-15,1.7763568394002505e-15
22400056,1630702,3.5833333333333335,3.5833333333333335,0.0,0.0
22400056,1630556,0.0,0.0,0.0,0.0
22400056,1641789,0.0,0.0,0.0,0.0
22400056,202693,0.0,0.0,0.0,0.0
22400056,203939,0.0,0.0,0.0,0.0
22400056,1641765,0.0,0.0,0.0,0.0
22500019,1630559,36.583333333333336,36.583333333333336,0.0,0.0
22500019,1629060,31.85,31.849999999999998,-3.552713678800501e-15,3.552713678800501e-15
22500019,1629028,30.866666666666667,30.866666666666667,0.0,0.0
22500019,1629216,24.1,24.1,0.0,0.0
22500019,1629029,34.916666666666664,34.7,-0.21666666666666146,0.21666666666666146
22500019,1631222,27.7,27.7,0.0,0.0
22500019,203935,20.666666666666668,20.666666666666664,-3.552713678800501e-15,3.552713678800501e-15
22500019,1642261,7.466666666666667,7.466666666666667,0.0,0.0
22500019,1629020,19.6,19.383333333333333,-0.21666666666666856,0.21666666666666856
22500019,1642355,3.2333333333333334,3.2333333333333334,0.0,0.0
22500019,1631132,3.0166666666666666,3.0166666666666666,0.0,0.0
22500019,1629637,0.0,0.0,0.0,0.0
22500019,1630183,27.033333333333335,26.833333333333332,-0.20000000000000284,0.20000000000000284
22500019,203944,29.616666666666667,29.616666666666667,0.0,0.0
22500019,203497,28.166666666666668,27.866666666666667,-0.3000000000000007,0.3000000000000007
22500019,1630162,34.68333333333333,34.68333333333333,0.0,0.0
22500019,1628978,28.266666666666666,28.26666666666667,3.552713678800501e-15,3.552713678800501e-15
22500019,1629675,22.766666666666666,22.76666666666667,3.552713678800501e-15,3.552713678800501e-15
22500019,201144,9.2,9.0,-0.1999999999999993,0.1999999999999993
22500019,1630545,13.466666666666667,13.466666666666667,0.0,0.0
22500019,1641740,13.45,13.333333333333334,-0.11666666666666536,0.11666666666666536
22500019,1630538,16.383333333333333,16.383333333333333,0.0,0.0
22500019,1642265,0.9833333333333333,0.85,-0.1333333333333333,0.1333333333333333
22500019,1642866,4.783333333333333,4.783333333333333,0.0,0.0
22500019,204060,3.9833333333333334,3.9833333333333334,0.0,0.0
22500019,1631159,3.9833333333333334,3.9833333333333334,0.0,0.0
22500019,1630548,3.2333333333333334,3.2333333333333334,0.0,0.0
22500343,1628384,22.716666666666665,22.733333333333334,0.016666666666669272,0.016666666666669272
22500343,1628404,27.783333333333335,27.783333333333335,0.0,0.0
22500343,1626157,22.283333333333335,22.28333333333333,-3.552713678800501e-15,3.552713678800501e-15
22500343,1628969,19.883333333333333,19.883333333333333,0.0,0.0
22500343,1628973,30.85,30.85,0.0,0.0
22500343,1630540,21.716666666666665,21.650000000000002,-0.06666666666666288,0.06666666666666288
22500343,203903,31.016666666666666,31.016666666666666,0.0,0.0
22500343,1629011,16.0,16.0,0.0,0.0
22500343,1642278,14.266666666666667,14.116666666666667,-0.15000000000000036,0.15000000000000036
22500343,1642885,12.366666666666667,12.366666666666667,0.0,0.0
22500343,1630574,12.0,12.0,0.0,0.0
22500343,1627824,9.116666666666667,9.116666666666667,0.0,0.0
22500343,1628374,26.45,26.45,0.0,0.0
22500343,1629004,18.566666666666666,18.566666666666666,0.0,0.0
22500343,203994,19.483333333333334,19.483333333333334,0.0,0.0
22500343,1642846,33.95,33.95,0.0,0.0
22500343,1641718,27.833333333333332,27.833333333333332,0.0,0.0
22500343,201567,16.516666666666666,16.316666666666666,-0.1999999999999993,0.1999999999999993
22500343,1642268,23.733333333333334,23.733333333333334,0.0,0.0
22500343,1641729,12.35,12.350000000000001,1.7763568394002505e-15,1.7763568394002505e-15
22500343,1642271,30.033333333333335,30.03333333333333,-3.552713678800501e-15,3.552713678800501e-15
22500343,1642383,19.083333333333332,18.98333333333333,-0.10000000000000142,0.10000000000000142
22500343,203937,12.0,12.0,0.0,0.0
22500343,1641707,0.0,0.0,0.0,0.0
22500343,1631131,0.0,0.0,0.0,0.0
22500343,1642262,0.0,0.0,0.0,0.0
22500468,1627742,36.333333333333336,36.333333333333336,0.0,0.0
22500468,1630534,11.1,11.083333333333334,-0.01666666666666572,0.01666666666666572
22500468,1630567,33.166666666666664,32.95,-0.21666666666666146,0.21666666666666146
22500468,1629628,24.433333333333334,24.433333333333334,0.0,0.0
22500468,1630193,34.3,33.95,-0.3499999999999943,0.3499999999999943
22500468,1642266,23.216666666666665,23.21666666666667,3.552713678800501e-15,3.552713678800501e-15
22500468,1642347,21.166666666666668,21.183333333333334,0.01666666666666572,0.01666666666666572
22500468,1630572,12.266666666666667,12.25,-0.016666666666667496,0.016666666666667496
22500468,1641711,11.8,11.816666666666666,0.01666666666666572,0.01666666666666572
22500468,1642867,25.966666666666665,25.633333333333333,-0.33333333333333215,0.33333333333333215
22500468,1642419,6.25,6.25,0.0,0.0
22500468,1628964,0.0,0.0,0.0,0.0
22500468,1642367,0.0,0.0,0.0,0.0
22500468,202066,0.0,0.0,0.0,0.0
22500468,1642461,37.8,37.78333333333333,-0.01666666666666572,0.01666666666666572
22500468,1631212,35.983333333333334,36.0,0.01666666666666572,0.01666666666666572
22500468,202685,23.133333333333333,23.133333333333333,0.0,0.0
22500468,1629618,28.283333333333335,28.200000000000003,-0.08333333333333215,0.08333333333333215
22500468,1627750,37.56666666666667,37.56666666666666,-7.105427357601002e-15,7.105427357601002e-15
22500468,203501,30.15,29.983333333333334,-0.1666666666666643,0.1666666666666643
22500468,1628971,25.433333333333334,25.283333333333335,-0.14999999999999858,0.14999999999999858
22500468,1641747,21.65,21.65,0.0,0.0
22500468,1642938,0.0,0.0,0.0,0.0
22500468,1630192,0.0,0.0,0.0,0.0
22500468,1631124,0.0,0.0,0.0,0.0
22500468,1641816,0.0,0.0,0.0,0.0
22501206,1627759,28.783333333333335,28.78333333333333,-3.552713678800501e-15,3.552713678800501e-15
22501206,1641775,32.03333333333333,31.916666666666668,-0.11666666666666359,0.11666666666666359
22501206,1629674,25.4,25.15,-0.25,0.25
22501206,1630202,30.683333333333334,30.516666666666666,-0.16666666666666785,0.16666666666666785
22501206,1628401,29.3,29.299999999999997,-3.552713678800501e-15,3.552713678800501e-15
22501206,1631169,22.15,22.033333333333335,-0.11666666666666359,0.11666666666666359
22501206,1630573,21.816666666666666,21.816666666666666,0.0,0.0
22501206,1631248,8.266666666666667,8.266666666666667,0.0,0.0
22501206,1629014,26.1,26.1,0.0,0.0
22501206,1642864,15.466666666666667,15.466666666666667,0.0,0.0
22501206,1628449,0.0,0.0,0.0,0.0
22501206,1630568,0.0,0.0,0.0,0.0
22501206,1630214,0.0,0.0,0.0,0.0
22501206,1629018,27.783333333333335,27.783333333333335,0.0,0.0
22501206,1628398,30.8,30.8,0.0,0.0
22501206,1626167,28.366666666666667,28.150000000000002,-0.216666666666665,0.216666666666665
22501206,1631157,25.7,25.7,0.0,0.0
22501206,1629645,31.933333333333334,31.583333333333332,-0.3500000000000014,0.3500000000000014
22501206,203914,32.56666666666667,32.38333333333333,-0.18333333333333712,0.18333333333333712
22501206,1626171,26.333333333333332,26.333333333333336,3.552713678800501e-15,3.552713678800501e-15
22501206,1630579,10.083333333333334,10.083333333333334,0.0,0.0
22501206,1630175,18.9,18.666666666666668,-0.23333333333333073,0.23333333333333073
22501206,1641748,1.8833333333333333,1.8833333333333333,0.0,0.0
22501206,1629599,1.8833333333333333,1.8833333333333333,0.0,0.0
22501206,203648,1.8833333333333333,1.8833333333333333,0.0,0.0
22501206,1631250,1.8833333333333333,1.8833333333333333,0.0,0.0
22500859,1627759,29.95,29.683333333333334,-0.2666666666666657,0.2666666666666657
22500859,1630573,26.6,26.6,0.0,0.0
22500859,1629674,14.883333333333333,14.883333333333333,0.0,0.0
22500859,1631248,22.066666666666666,22.066666666666666,0.0,0.0
22500859,1628401,32.083333333333336,31.933333333333334,-0.15000000000000213,0.15000000000000213
22500859,202696,25.333333333333332,25.333333333333332,0.0,0.0
22500859,1630202,28.0,28.0,0.0,0.0
22500859,1642864,21.35,21.183333333333334,-0.16666666666666785,0.16666666666666785
22500859,1641775,14.816666666666666,14.816666666666666,0.0,0.0
22500859,1630568,7.783333333333333,7.783333333333333,0.0,0.0
22500859,1630625,5.983333333333333,5.983333333333333,0.0,0.0
22500859,1631199,5.983333333333333,5.983333333333333,0.0,0.0
22500859,1642910,5.166666666666667,5.166666666666667,0.0,0.0
22500859,1629008,25.516666666666666,25.51666666666667,3.552713678800501e-15,3.552713678800501e-15
22500859,1641730,21.816666666666666,21.616666666666667,-0.1999999999999993,0.1999999999999993
22500859,1629651,23.333333333333332,23.116666666666667,-0.216666666666665,0.216666666666665
22500859,1642856,21.683333333333334,21.433333333333334,-0.25,0.25
22500859,1642849,24.066666666666666,24.066666666666666,0.0,0.0
22500859,1629611,17.616666666666667,17.483333333333334,-0.13333333333333286,0.13333333333333286
22500859,1630549,14.833333333333334,14.833333333333332,-1.7763568394002505e-15,1.7763568394002505e-15
22500859,1642874,22.616666666666667,22.616666666666667,0.0,0.0
22500859,1631169,16.216666666666665,16.21666666666667,3.552713678800501e-15,3.552713678800501e-15
22500859,1630533,17.066666666666666,17.066666666666666,0.0,0.0
22500859,1641761,9.833333333333334,9.683333333333334,-0.15000000000000036,0.15000000000000036
22500859,1642879,9.833333333333334,9.833333333333334,0.0,0.0
22500859,1630534,7.783333333333333,7.783333333333333,0.0,0.0
22500859,1630592,7.783333333333333,7.75,-0.033333333333333215,0.033333333333333215
22500840,2544,31.966666666666665,31.883333333333333,-0.08333333333333215,0.08333333333333215
22500840,203935,23.4,23.4,0.0,0.0
22500840,1629028,32.333333333333336,32.18333333333333,-0.15000000000000568,0.15000000000000568
22500840,1630559,34.78333333333333,34.56666666666667,-0.21666666666666146,0.21666666666666146
22500840,1629029,37.86666666666667,37.86666666666667,0.0,0.0
22500840,1631222,15.833333333333334,15.833333333333332,-1.7763568394002505e-15,1.7763568394002505e-15
22500840,1628467,10.516666666666667,10.516666666666666,-1.7763568394002505e-15,1.7763568394002505e-15
22500840,1629060,26.333333333333332,26.266666666666666,-0.06666666666666643,0.06666666666666643
22500840,1628379,14.783333333333333,14.783333333333331,-1.7763568394002505e-15,1.7763568394002505e-15
22500840,1629020,12.183333333333334,12.200000000000001,0.016666666666667496,0.016666666666667496
22500840,1641723,0.0,0.0,0.0,0.0
22500840,1642261,0.0,0.0,0.0,0.0
22500840,1631166,0.0,0.0,0.0,0.0
22500840,1641783,31.733333333333334,31.733333333333334,0.0,0.0
22500840,1631094,37.9,37.900000000000006,7.105427357601002e-15,7.105427357601002e-15
22500840,1628976,35.95,35.93333333333333,-0.016666666666672825,0.016666666666672825
22500840,1630217,36.15,36.15,0.0,0.0
22500840,1641710,30.483333333333334,30.48333333333333,-3.552713678800501e-15,3.552713678800501e-15
22500840,1641724,20.633333333333333,20.55,-0.08333333333333215,0.08333333333333215
22500840,1628975,16.25,16.25,0.0,0.0
22500840,1628371,15.25,15.25,0.0,0.0
22500840,1629021,10.5,10.149999999999999,-0.3500000000000014,0.3500000000000014
22500840,1642859,5.15,5.15,0.0,0.0
22500840,1629048,0.0,0.0,0.0,0.0
22500840,1631288,0.0,0.0,0.0,0.0
22500840,1642869,0.0,0.0,0.0,0.0
22501154,1630311,40.56666666666667,40.583333333333336,0.01666666666666572,0.01666666666666572
22501154,1642502,21.0,21.016666666666666,0.01666666666666572,0.01666666666666572
22501154,203110,27.1,27.1,0.0,0.0
22501154,1629001,28.666666666666668,28.666666666666664,-3.552713678800501e-15,3.552713678800501e-15
22501154,1641764,29.516666666666666,29.516666666666666,0.0,0.0
22501154,1629646,27.233333333333334,26.816666666666666,-0.41666666666666785,0.41666666666666785
22501154,203552,16.3,16.266666666666666,-0.03333333333333499,0.03333333333333499
22501154,1627780,24.616666666666667,24.616666666666667,0.0,0.0
22501154,201939,25.0,25.0,0.0,0.0
22501154,204001,0.0,0.0,0.0,0.0
22501154,1642954,0.0,0.0,0.0,0.0
22501154,1630611,0.0,0.0,0.0,0.0
22501154,1631342,26.433333333333334,26.43333333333333,-3.552713678800501e-15,3.552713678800501e-15
22501154,1630173,34.2,34.2,0.0,0.0
22501154,1642875,26.183333333333334,26.183333333333334,0.0,0.0
22501154,1642363,35.53333333333333,35.46666666666667,-0.06666666666666288,0.06666666666666288
22501154,1642269,20.633333333333333,20.483333333333334,-0.14999999999999858,0.14999999999999858
22501154,1628370,10.55,10.55,0.0,0.0
22501154,1630165,31.666666666666668,31.666666666666664,-3.552713678800501e-15,3.552713678800501e-15
22501154,1642928,25.916666666666668,25.683333333333334,-0.23333333333333428,0.23333333333333428
22501154,203926,28.883333333333333,28.883333333333333,0.0,0.0
22501154,1629234,0.0,0.0,0.0,0.0
22501154,203897,0.0,0.0,0.0,0.0
22501154,1631099,0.0,0.0,0.0,0.0
22500053,1642346,23.916666666666668,23.916666666666668,0.0,0.0
22500053,1626220,31.116666666666667,30.683333333333334,-0.43333333333333357,0.43333333333333357
22500053,1631109,26.383333333333333,26.016666666666666,-0.36666666666666714,0.36666666666666714
22500053,1628415,36.916666666666664,36.78333333333333,-0.13333333333333286,0.13333333333333286
22500053,1626164,34.78333333333333,34.78333333333333,0.0,0.0
22500053,1631221,34.18333333333333,34.2,0.016666666666672825,0.016666666666672825
22500053,1630692,29.016666666666666,29.016666666666666,0.0,0.0
22500053,1630587,2.95,2.95,0.0,0.0
22500053,1630208,7.85,7.8500000000000005,8.881784197001252e-16,8.881784197001252e-16
22500053,1642345,12.883333333333333,12.683333333333334,-0.1999999999999993,0.1999999999999993
22500053,1631123,0.0,0.0,0.0,0.0
22500053,1628502,0.0,0.0,0.0,0.0
22500053,1642863,0.0,0.0,0.0,0.0
22500053,1630183,40.46666666666667,40.46666666666667,0.0,0.0
22500053,203944,34.166666666666664,34.03333333333333,-0.13333333333333286,0.13333333333333286
22500053,203497,34.75,34.733333333333334,-0.01666666666666572,0.01666666666666572
22500053,1630162,40.25,40.25,0.0,0.0
22500053,1628978,31.6,31.6,0.0,0.0
22500053,1629675,26.983333333333334,26.983333333333334,0.0,0.0
22500053,201144,14.35,14.35,0.0,0.0
22500053,1641740,7.983333333333333,7.9833333333333325,-8.881784197001252e-16,8.881784197001252e-16
22500053,1642265,9.35,9.35,0.0,0.0
22500053,204060,0.11666666666666667,0.11666666666666667,0.0,0.0
22500053,1642866,0.0,0.0,0.0,0.0
22500053,1630538,0.0,0.0,0.0,0.0
22500053,1630548,0.0,0.0,0.0,0.0
22500053,1631159,0.0,0.0,0.0,0.0
22501057,1629723,38.45,38.38333333333333,-0.06666666666666998,0.06666666666666998
22501057,1642846,28.916666666666668,28.916666666666668,0.0,0.0
22501057,1642262,37.31666666666667,37.166666666666664,-0.15000000000000568,0.15000000000000568
22501057,1641989,29.5,29.333333333333336,-0.1666666666666643,0.1666666666666643
22501057,1643016,43.93333333333333,43.9,-0.03333333333333144,0.03333333333333144
22501057,1631131,16.883333333333333,16.883333333333333,0.0,0.0
22501057,1631113,33.93333333333333,33.766666666666666,-0.1666666666666643,0.1666666666666643
22501057,1642396,11.066666666666666,11.066666666666666,0.0,0.0
22501057,1642268,0.0,0.0,0.0,0.0
22501057,201567,0.0,0.0,0.0,0.0
22501057,1629004,0.0,0.0,0.0,0.0
22501057,1641729,0.0,0.0,0.0,0.0
22501057,1641778,40.2,40.13333333333333,-0.06666666666666998,0.06666666666666998
22501057,1641731,18.95,18.916666666666668,-0.03333333333333144,0.03333333333333144
22501057,1642882,30.15,29.983333333333334,-0.1666666666666643,0.1666666666666643
22501057,1642860,22.25,22.25,0.0,0.0
22501057,1642267,24.416666666666668,24.266666666666666,-0.15000000000000213,0.15000000000000213
22501057,1630264,22.3,22.233333333333334,-0.06666666666666643,0.06666666666666643
22501057,1642364,29.266666666666666,29.2,-0.06666666666666643,0.06666666666666643
22501057,1630702,27.45,27.45,0.0,0.0
22501057,1630536,25.016666666666666,24.933333333333334,-0.08333333333333215,0.08333333333333215
22501057,1630551,0.0,0.0,0.0,0.0
22501057,1642848,0.0,0.0,0.0,0.0
22501057,1642259,0.0,0.0,0.0,0.0
22500653,1629652,35.56666666666667,35.58333333333333,0.016666666666658614,0.016666666666658614
22500653,1631119,21.033333333333335,21.03333333333333,-3.552713678800501e-15,3.552713678800501e-15
22500653,1631096,29.35,29.349999999999998,-3.552713678800501e-15,3.552713678800501e-15
22500653,1641717,15.666666666666666,15.65,-0.01666666666666572,0.01666666666666572
22500653,1628983,35.2,35.18333333333334,-0.01666666666666572,0.01666666666666572
22500653,1630598,29.483333333333334,29.483333333333334,0.0,0.0
22500653,1631172,20.216666666666665,20.216666666666665,0.0,0.0
22500653,1629026,28.383333333333333,28.116666666666667,-0.2666666666666657,0.2666666666666657
22500653,1630198,22.05,21.95,-0.10000000000000142,0.10000000000000142
22500653,1642964,3.033333333333333,3.033333333333333,0.0,0.0
22500653,1627936,0.0,0.0,0.0,0.0
22500653,1642959,0.0,0.0,0.0,0.0
22500653,1627742,35.96666666666667,35.96666666666667,0.0,0.0
22500653,1630567,31.75,31.75,0.0,0.0
22500653,1630572,31.566666666666666,31.55,-0.01666666666666572,0.01666666666666572
22500653,1629628,21.433333333333334,21.433333333333334,0.0,0.0
22500653,1630193,31.9,31.783333333333335,-0.11666666666666359,0.11666666666666359
22500653,1642347,24.466666666666665,24.483333333333334,0.016666666666669272,0.016666666666669272
22500653,1642266,27.5,27.5,0.0,0.0
22500653,1641711,20.8,20.8,0.0,0.0
22500653,1630534,14.633333333333333,14.5,-0.13333333333333286,0.13333333333333286
22500653,1642419,0.0,0.0,0.0,0.0
22500653,1630639,0.0,0.0,0.0,0.0
22500653,1642918,0.0,0.0,0.0,0.0
22500653,1642367,0.0,0.0,0.0,0.0
22500653,202066,0.0,0.0,0.0,0.0
22500006,202710,38.56666666666667,38.56666666666667,0.0,0.0
22500006,1630228,36.25,36.25,0.0,0.0
22500006,203110,34.3,34.2,-0.09999999999999432,0.09999999999999432
22500006,1641764,34.4,34.4,0.0,0.0
22500006,201939,36.96666666666667,36.8,-0.1666666666666714,0.1666666666666714
22500006,1627741,22.95,22.78333333333333,-0.16666666666666785,0.16666666666666785
22500006,1627780,11.5,11.333333333333334,-0.16666666666666607,0.16666666666666607
22500006,201143,29.0,29.0,0.0,0.0
22500006,1642954,16.7,16.7,0.0,0.0
22500006,1642366,4.366666666666666,4.366666666666666,0.0,0.0
22500006,1631218,0.0,0.0,0.0,0.0
22500006,1630611,0.0,0.0,0.0,0.0
22500006,1630311,0.0,0.0,0.0,0.0
22500006,1629661,32.016666666666666,31.916666666666664,-0.10000000000000142,0.10000000000000142
22500006,203932,38.65,38.55,-0.10000000000000142,0.10000000000000142
22500006,203999,40.833333333333336,40.583333333333336,-0.25,0.25
22500006,1631128,38.45,38.43333333333334,-0.01666666666666572,0.01666666666666572
22500006,1627750,40.016666666666666,40.016666666666666,0.0,0.0
22500006,203501,21.75,21.75,0.0,0.0
22500006,1628971,19.366666666666667,19.15,-0.21666666666666856,0.21666666666666856
22500006,1631212,15.966666666666667,15.966666666666665,-1.7763568394002505e-15,1.7763568394002505e-15
22500006,202685,12.166666666666666,12.049999999999999,-0.11666666666666714,0.11666666666666714
22500006,1642461,5.783333333333333,5.783333333333333,0.0,0.0
22500006,1641747,0.0,0.0,0.0,0.0
22500006,1630192,0.0,0.0,0.0,0.0
22500006,1629618,0.0,0.0,0.0,0.0
22500006,1631124,0.0,0.0,0.0,0.0
22500006,1641816,0.0,0.0,0.0,0.0
22500690,1628384,30.833333333333332,30.816666666666666,-0.01666666666666572,0.01666666666666572
22500690,1628404,29.766666666666666,29.6,-0.1666666666666643,0.1666666666666643
22500690,1626157,29.466666666666665,29.46666666666667,3.552713678800501e-15,3.552713678800501e-15
22500690,1628969,32.61666666666667,32.61666666666667,0.0,0.0
22500690,1628973,34.1,34.1,0.0,0.0
22500690,1629013,18.7,18.7,0.0,0.0
22500690,1629011,17.066666666666666,17.066666666666666,0.0,0.0
22500690,1642885,17.45,17.45,0.0,0.0
22500690,1642278,17.75,17.75,0.0,0.0
22500690,1630574,4.083333333333333,4.083333333333333,0.0,0.0
22500690,1641794,4.083333333333333,4.083333333333333,0.0,0.0
22500690,1627824,4.083333333333333,4.083333333333333,0.0,0.0
22500690,203903,0.0,0.0,0.0,0.0
22500690,1630166,28.45,28.45,0.0,0.0
22500690,1641739,26.433333333333334,26.383333333333333,-0.05000000000000071,0.05000000000000071
22500690,1642270,21.583333333333332,21.583333333333336,3.552713678800501e-15,3.552713678800501e-15
22500690,201950,21.916666666666668,21.916666666666664,-3.552713678800501e-15,3.552713678800501e-15
22500690,1631101,27.816666666666666,27.816666666666666,0.0,0.0
22500690,1629057,20.316666666666666,20.316666666666666,0.0,0.0
22500690,203924,22.016666666666666,22.01666666666667,3.552713678800501e-15,3.552713678800501e-15
22500690,1631126,27.233333333333334,27.233333333333334,0.0,0.0
22500690,1631321,26.783333333333335,26.78333333333333,-3.552713678800501e-15,3.552713678800501e-15
22500690,1641712,9.283333333333333,9.183333333333334,-0.09999999999999964,0.09999999999999964
22500690,1631451,4.083333333333333,4.083333333333333,0.0,0.0
22500690,1642905,4.083333333333333,4.083333333333333,0.0,0.0
22500690,1630703,0.0,0.0,0.0,0.0
22500690,1631200,0.0,0.0,0.0,0.0
22500690,1631104,0.0,0.0,0.0,0.0
22500303,1628969,33.43333333333333,33.43333333333333,0.0,0.0
22500303,1628404,34.96666666666667,34.96666666666667,0.0,0.0
22500303,1626157,31.033333333333335,31.033333333333335,0.0,0.0
22500303,1628973,33.733333333333334,33.733333333333334,0.0,0.0
22500303,1630540,35.06666666666667,35.06666666666666,-7.105427357601002e-15,7.105427357601002e-15
22500303,203903,21.483333333333334,21.48333333333333,-3.552713678800501e-15,3.552713678800501e-15
22500303,1629011,16.766666666666666,16.766666666666666,0.0,0.0
22500303,1627824,9.866666666666667,9.866666666666667,0.0,0.0
22500303,1642278,14.266666666666667,14.266666666666666,-1.7763568394002505e-15,1.7763568394002505e-15
22500303,1630574,3.6166666666666667,3.6166666666666667,0.0,0.0
22500303,1642885,3.6166666666666667,3.3833333333333333,-0.2333333333333334,0.2333333333333334
22500303,1641787,2.15,2.15,0.0,0.0
22500303,1642419,11.25,11.25,0.0,0.0
22500303,1627742,32.1,32.1,0.0,0.0
22500303,1630567,31.516666666666666,31.516666666666666,0.0,0.0
22500303,1630193,34.766666666666666,34.65,-0.11666666666666714,0.11666666666666714
22500303,1642266,21.266666666666666,21.266666666666666,0.0,0.0
22500303,1630572,27.05,27.05,0.0,0.0
22500303,1642347,16.6,16.366666666666667,-0.23333333333333428,0.23333333333333428
22500303,1641711,17.566666666666666,17.566666666666666,0.0,0.0
22500303,1642867,22.1,22.049999999999997,-0.05000000000000426,0.05000000000000426
22500303,1630534,16.85,16.849999999999998,-3.552713678800501e-15,3.552713678800501e-15
22500303,1642935,4.85,4.85,0.0,0.0
22500303,1642367,4.083333333333333,4.083333333333333,0.0,0.0
22500303,202066,0.0,0.0,0.0,0.0
22500838,1630180,30.816666666666666,30.816666666666666,0.0,0.0
22500838,1629627,33.18333333333333,33.18333333333334,7.105427357601002e-15,7.105427357601002e-15
22500838,201599,22.383333333333333,22.183333333333334,-0.1999999999999993,0.1999999999999993
22500838,1630529,30.85,30.766666666666666,-0.0833333333333357,0.0833333333333357
22500838,1627749,24.8,24.8,0.0,0.0
22500838,1642847,21.1,21.1,0.0,0.0
22500838,1642852,17.516666666666666,17.116666666666667,-0.3999999999999986,0.3999999999999986
22500838,1629673,22.783333333333335,22.78333333333333,-3.552713678800501e-15,3.552713678800501e-15
22500838,1631255,18.2,18.083333333333332,-0.11666666666666714,0.11666666666666714
22500838,1631121,18.366666666666667,18.366666666666667,0.0,0.0
22500838,1641722,0.0,0.0,0.0,0.0
22500838,1626172,0.0,0.0,0.0,0.0
22500838,1630541,34.0,33.75,-0.25,0.25
22500838,1630611,39.333333333333336,39.333333333333336,0.0,0.0
22500838,203110,31.616666666666667,31.616666666666667,0.0,0.0
22500838,1629001,28.183333333333334,28.05,-0.13333333333333286,0.13333333333333286
22500838,1630311,23.116666666666667,23.116666666666667,0.0,0.0
22500838,1642366,22.916666666666668,22.916666666666668,0.0,0.0
22500838,1642954,17.466666666666665,17.466666666666665,0.0,0.0
22500838,1641764,31.866666666666667,31.866666666666667,0.0,0.0
22500838,1627780,11.5,11.5,0.0,0.0
22500838,201143,0.0,0.0,0.0,0.0
22500838,1642502,0.0,0.0,0.0,0.0
22500838,204001,0.0,0.0,0.0,0.0
22500056,1642954,9.316666666666666,9.316666666666666,0.0,0.0
22500056,202710,33.88333333333333,33.699999999999996,-0.18333333333333712,0.18333333333333712
22500056,203110,33.96666666666667,33.86666666666667,-0.10000000000000142,0.10000000000000142
22500056,1630541,28.45,28.1,-0.34999999999999787,0.34999999999999787
22500056,201939,33.65,33.65,0.0,0.0
22500056,201143,18.133333333333333,18.133333333333333,0.0,0.0
22500056,1627780,16.916666666666668,16.933333333333334,0.01666666666666572,0.01666666666666572
22500056,1641764,29.916666666666668,29.75,-0.16666666666666785,0.16666666666666785
22500056,1627741,15.616666666666667,15.433333333333334,-0.18333333333333357,0.18333333333333357
22500056,1642366,16.883333333333333,16.733333333333334,-0.14999999999999858,0.14999999999999858
22500056,1631218,3.283333333333333,3.283333333333333,0.0,0.0
22500056,1630611,0.0,0.0,0.0,0.0
22500056,1630311,0.0,0.0,0.0,0.0
22500056,203924,30.85,30.85,0.0,0.0
22500056,1641739,33.93333333333333,33.93333333333333,0.0,0.0
22500056,1642270,27.116666666666667,27.116666666666667,0.0,0.0
22500056,1630166,39.516666666666666,39.516666666666666,0.0,0.0
22500056,1631321,23.233333333333334,23.233333333333334,0.0,0.0
22500056,1631200,16.6,16.6,0.0,0.0
22500056,1631126,37.63333333333333,37.63333333333333,0.0,0.0
22500056,1629057,20.516666666666666,20.516666666666666,0.0,0.0
22500056,1631451,1.8166666666666667,1.8166666666666669,2.220446049250313e-16,2.220446049250313e-16
22500056,1641871,2.3666666666666667,2.283333333333333,-0.08333333333333348,0.08333333333333348
22500056,1641712,6.416666666666667,6.416666666666667,0.0,0.0
22500056,201950,0.0,0.0,0.0,0.0
22500056,203081,0.0,0.0,0.0,0.0
22500056,1631101,0.0,0.0,0.0,0.0
22500056,1642905,0.0,0.0,0.0,0.0
22400654,1630530,38.86666666666667,38.85,-0.01666666666666572,0.01666666666666572
22400654,1629627,27.466666666666665,27.466666666666665,0.0,0.0
22400654,1642274,21.833333333333332,21.833333333333336,3.552713678800501e-15,3.552713678800501e-15
22400654,203468,36.45,36.233333333333334,-0.21666666666666856,0.21666666666666856
22400654,1627749,36.46666666666667,36.46666666666667,0.0,0.0
22400654,1629750,26.8,26.8,0.0,0.0
22400654,1628464,13.65,13.65,0.0,0.0
22400654,1641722,20.65,20.65,0.0,0.0
22400654,1630631,17.816666666666666,17.816666666666666,0.0,0.0
22400654,1631255,0.0,0.0,0.0,0.0
22400654,1641810,0.0,0.0,0.0,0.0
22400654,1630526,0.0,0.0,0.0,0.0
22400654,1629628,34.05,34.05,0.0,0.0
22400654,1630567,36.7,36.56666666666667,-0.13333333333333286,0.13333333333333286
22400654,1627751,31.916666666666668,31.916666666666668,0.0,0.0
22400654,1641711,19.2,18.95,-0.25,0.25
22400654,1630558,24.066666666666666,24.066666666666666,0.0,0.0
22400654,1630534,11.8,11.8,0.0,0.0
22400654,1642347,23.933333333333334,23.766666666666666,-0.16666666666666785,0.16666666666666785
22400654,1628971,28.883333333333333,28.883333333333333,0.0,0.0
22400654,1631115,11.1,10.8,-0.29999999999999893,0.29999999999999893
22400654,1628449,18.35,18.35,0.0,0.0
22400654,1642419,0.0,0.0,0.0,0.0
22400654,1642279,0.0,0.0,0.0,0.0
22400654,1642367,0.0,0.0,0.0,0.0
22400654,202066,0.0,0.0,0.0,0.0
22400654,1642266,0.0,0.0,0.0,0.0
22400691,201942,31.233333333333334,31.233333333333334,0.0,0.0
22400691,1631099,28.316666666666666,28.316666666666666,0.0,0.0
22400691,1627734,31.333333333333332,31.333333333333332,0.0,0.0
22400691,1628370,29.4,29.400000000000002,3.552713678800501e-15,3.552713678800501e-15
22400691,1628368,30.266666666666666,30.266666666666666,0.0,0.0
22400691,1628989,7.85,7.85,0.0,0.0
22400691,1631165,22.266666666666666,22.26666666666667,3.552713678800501e-15,3.552713678800501e-15
22400691,1626168,12.666666666666666,12.666666666666668,1.7763568394002505e-15,1.7763568394002505e-15
22400691,1642403,16.666666666666668,16.666666666666664,-3.552713678800501e-15,3.552713678800501e-15
22400691,1642269,10.016666666666667,9.866666666666667,-0.15000000000000036,0.15000000000000036
22400691,203926,5.883333333333333,5.883333333333334,8.881784197001252e-16,8.881784197001252e-16
22400691,1630222,7.05,7.05,0.0,0.0
22400691,1629162,7.05,7.05,0.0,0.0
22400691,203109,0.0,0.0,0.0,0.0
22400691,203458,0.0,0.0,0.0,0.0
22400691,1629652,31.233333333333334,31.233333333333334,0.0,0.0
22400691,1630598,39.88333333333333,39.88333333333333,0.0,0.0
22400691,1628392,26.666666666666668,26.666666666666664,-3.552713678800501e-15,3.552713678800501e-15
22400691,1641717,8.766666666666667,8.766666666666666,-1.7763568394002505e-15,1.7763568394002505e-15
22400691,1628983,30.15,30.033333333333335,-0.11666666666666359,0.11666666666666359
22400691,1631172,24.5,24.366666666666667,-0.13333333333333286,0.13333333333333286
22400691,1631119,21.35,21.35,0.0,0.0
22400691,1630198,23.733333333333334,23.71666666666667,-0.01666666666666572,0.01666666666666572
22400691,1629026,22.483333333333334,22.483333333333334,0.0,0.0
22400691,1641745,5.616666666666667,5.616666666666666,-8.881784197001252e-16,8.881784197001252e-16
22400691,1642505,5.616666666666667,5.616666666666666,-8.881784197001252e-16,8.881784197001252e-16
22400691,1631114,0.0,0.0,0.0,0.0
